IndexPlate,Well,FBC,RBC
DI01,A01,GATCATG,GAACTGC
DI01,A02,TACATGG,ACCAGGT
DI01,A03,AAGCACC,TCTAGAG
DI01,A04,TGGCTCA,CACACAA
DI01,A05,CTTGCTC,GTGGAAC
DI01,A06,GAAGCGT,ATATGCC
DI01,A07,TCTCCAT,GGTCTGA
DI01,A08,TTGAAGG,GTGAGAT
DI01,A09,GAATGTC,TTGGCAG
DI01,A10,ATCTCCA,ATGCCTG
DI01,A11,GCGTTAT,TCCGAAG
DI01,A12,TGCACCA,GGCTTAC
DI01,B01,TGCCTAT,AGTTGGC
DI01,B02,AGGAATC,AACGATG
DI01,B03,TCCACTG,ACTACCG
DI01,B04,TTGTACC,GGTGTCT
DI01,B05,TTCGAGT,CCAGCTT
DI01,B06,CTTCAGC,TTAGACG
DI01,B07,CAGTGCA,ACCATAC
DI01,B08,TGCTGTC,GACGACT
DI01,B09,CGCCATT,GTCACCT
DI01,B10,GCCATGA,CGTGATG
DI01,B11,CACAACG,GCTTCCT
DI01,B12,CTTCGCT,TAGACGT
DI01,C01,TCGTGAA,CGGACTT
DI01,C02,TTATCGG,ACCGGAA
DI01,C03,AGACCAT,CCGAAGT
DI01,C04,ACATGAG,GTTATGG
DI01,C05,ACGTACT,ATCCTCG
DI01,C06,CACCTCA,CGAATAG
DI01,C07,GTTGGAG,TATCCGG
DI01,C08,TGTTCTG,AGCAAGA
DI01,C09,CTTACGT,TGTCGAC
DI01,C10,GAGGTTG,TTCCATG
DI01,C11,ATGGACA,GCAATCG
DI01,C12,ACACTGA,TGAGTGG
DI01,D01,ATCTGTG,TAGGAGA
DI01,D02,AATGTGC,AGTCAGT
DI01,D03,GAGTTGA,GTGCTGT
DI01,D04,TTCTCAC,CAACAAC
DI01,D05,TGAAGCG,AATAGCC
DI01,D06,GCTACAA,TCTGTGA
DI01,D07,AGAGAAC,TGTGGTA
DI01,D08,CAGAGTG,GCGTATG
DI01,D09,TTCCGAA,AGTTACG
DI01,D10,GTACGAC,TTCCTGC
DI01,D11,ACTCTTG,TATGTCG
DI01,D12,CCAACCA,GGAGAGA
DI01,E01,CTCTAGA,CCTTAGG
DI01,E02,AATCGGA,TGTATCC
DI01,E03,CGTCCTA,CAACCTG
DI01,E04,GGAATGT,CTGATGA
DI01,E05,TCCAAGC,AAGACAG
DI01,E06,GCACCTA,AGCTCGT
DI01,E07,TTGCGTT,GATTGCG
DI01,E08,CAGGATT,TCCTTCA
DI01,E09,CTGCATA,TCACAGG
DI01,E10,CGTTGAG,AGAGCTG
DI01,E11,TGCTACT,CCTCTGT
DI01,E12,GTGATCC,CCTCGAA
DI01,F01,GCATGGT,GTGTCTC
DI01,F02,GTCGTTA,ATTGAGG
DI01,F03,CCTGACA,GACAATC
DI01,F04,AGTGTAG,CACTTGC
DI01,F05,CGAGCAA,TGAACGC
DI01,F06,CTACTCC,CGTAGCA
DI01,F07,GATGCCA,AGGTTCC
DI01,F08,GACCGAT,GTACACA
DI01,F09,ACGTTGG,GATAGGT
DI01,F10,ATGAGCG,TAGCCTC
DI01,F11,TACTCCG,TTCAGCC
DI01,F12,GATTCAC,GGATTCA
DI01,G01,ATGACGC,TGAGCCT
DI01,G02,GGTTGTT,AACGCGA
DI01,G03,GTACTTG,TCATTGC
DI01,G04,TAGCAAG,AGCATCT
DI01,G05,CTGCCAT,TTGGTCT
DI01,G06,GAGAACA,CAAGGAT
DI01,G07,GTATAGC,AGACGTC
DI01,G08,TGATGGA,AGGTCAA
DI01,G09,GGCAGTA,ATGCTAC
DI01,G10,GAAGAAG,CTCTGAT
DI01,G11,AGCGGTT,TCAAGTC
DI01,G12,TAAGGCC,TCGAGCT
DI01,H01,AACCTGT,ACAGTCT
DI01,H02,AGTACAC,CAGATAC
DI01,H03,CTCGTAG,TACGTTC
DI01,H04,CTAGGTG,ACGGTTC
DI01,H05,CGATACC,CATCGTC
DI01,H06,TCGGCTA,TACGCAT
DI01,H07,CGGTTGT,CTTAGAC
DI01,H08,ATTGCCT,AACTGAC
DI01,H09,CATTCGA,ACTTGCA
DI01,H10,GCACAAT,ACGCGAT
DI01,H11,GCAGTAA,TCGACAC
DI01,H12,CCTAATC,ACTCAAC
DI02,A01,GATCATG,ACAGTCT
DI02,A02,TACATGG,CAGATAC
DI02,A03,AAGCACC,TACGTTC
DI02,A04,TGGCTCA,ACGGTTC
DI02,A05,CTTGCTC,CATCGTC
DI02,A06,GAAGCGT,TACGCAT
DI02,A07,TCTCCAT,CTTAGAC
DI02,A08,TTGAAGG,AACTGAC
DI02,A09,GAATGTC,ACTTGCA
DI02,A10,ATCTCCA,ACGCGAT
DI02,A11,GCGTTAT,TCGACAC
DI02,A12,TGCACCA,ACTCAAC
DI02,B01,TGCCTAT,GAACTGC
DI02,B02,AGGAATC,ACCAGGT
DI02,B03,TCCACTG,TCTAGAG
DI02,B04,TTGTACC,CACACAA
DI02,B05,TTCGAGT,GTGGAAC
DI02,B06,CTTCAGC,ATATGCC
DI02,B07,CAGTGCA,GGTCTGA
DI02,B08,TGCTGTC,GTGAGAT
DI02,B09,CGCCATT,TTGGCAG
DI02,B10,GCCATGA,ATGCCTG
DI02,B11,CACAACG,TCCGAAG
DI02,B12,CTTCGCT,GGCTTAC
DI02,C01,TCGTGAA,AGTTGGC
DI02,C02,TTATCGG,AACGATG
DI02,C03,AGACCAT,ACTACCG
DI02,C04,ACATGAG,GGTGTCT
DI02,C05,ACGTACT,CCAGCTT
DI02,C06,CACCTCA,TTAGACG
DI02,C07,GTTGGAG,ACCATAC
DI02,C08,TGTTCTG,GACGACT
DI02,C09,CTTACGT,GTCACCT
DI02,C10,GAGGTTG,CGTGATG
DI02,C11,ATGGACA,GCTTCCT
DI02,C12,ACACTGA,TAGACGT
DI02,D01,ATCTGTG,CGGACTT
DI02,D02,AATGTGC,ACCGGAA
DI02,D03,GAGTTGA,CCGAAGT
DI02,D04,TTCTCAC,GTTATGG
DI02,D05,TGAAGCG,ATCCTCG
DI02,D06,GCTACAA,CGAATAG
DI02,D07,AGAGAAC,TATCCGG
DI02,D08,CAGAGTG,AGCAAGA
DI02,D09,TTCCGAA,TGTCGAC
DI02,D10,GTACGAC,TTCCATG
DI02,D11,ACTCTTG,GCAATCG
DI02,D12,CCAACCA,TGAGTGG
DI02,E01,CTCTAGA,TAGGAGA
DI02,E02,AATCGGA,AGTCAGT
DI02,E03,CGTCCTA,GTGCTGT
DI02,E04,GGAATGT,CAACAAC
DI02,E05,TCCAAGC,AATAGCC
DI02,E06,GCACCTA,TCTGTGA
DI02,E07,TTGCGTT,TGTGGTA
DI02,E08,CAGGATT,GCGTATG
DI02,E09,CTGCATA,AGTTACG
DI02,E10,CGTTGAG,TTCCTGC
DI02,E11,TGCTACT,TATGTCG
DI02,E12,GTGATCC,GGAGAGA
DI02,F01,GCATGGT,CCTTAGG
DI02,F02,GTCGTTA,TGTATCC
DI02,F03,CCTGACA,CAACCTG
DI02,F04,AGTGTAG,CTGATGA
DI02,F05,CGAGCAA,AAGACAG
DI02,F06,CTACTCC,AGCTCGT
DI02,F07,GATGCCA,GATTGCG
DI02,F08,GACCGAT,TCCTTCA
DI02,F09,ACGTTGG,TCACAGG
DI02,F10,ATGAGCG,AGAGCTG
DI02,F11,TACTCCG,CCTCTGT
DI02,F12,GATTCAC,CCTCGAA
DI02,G01,ATGACGC,GTGTCTC
DI02,G02,GGTTGTT,ATTGAGG
DI02,G03,GTACTTG,GACAATC
DI02,G04,TAGCAAG,CACTTGC
DI02,G05,CTGCCAT,TGAACGC
DI02,G06,GAGAACA,CGTAGCA
DI02,G07,GTATAGC,AGGTTCC
DI02,G08,TGATGGA,GTACACA
DI02,G09,GGCAGTA,GATAGGT
DI02,G10,GAAGAAG,TAGCCTC
DI02,G11,AGCGGTT,TTCAGCC
DI02,G12,TAAGGCC,GGATTCA
DI02,H01,AACCTGT,TGAGCCT
DI02,H02,AGTACAC,AACGCGA
DI02,H03,CTCGTAG,TCATTGC
DI02,H04,CTAGGTG,AGCATCT
DI02,H05,CGATACC,TTGGTCT
DI02,H06,TCGGCTA,CAAGGAT
DI02,H07,CGGTTGT,AGACGTC
DI02,H08,ATTGCCT,AGGTCAA
DI02,H09,CATTCGA,ATGCTAC
DI02,H10,GCACAAT,CTCTGAT
DI02,H11,GCAGTAA,TCAAGTC
DI02,H12,CCTAATC,TCGAGCT
DI03,A01,GATCATG,TGAGCCT
DI03,A02,TACATGG,AACGCGA
DI03,A03,AAGCACC,TCATTGC
DI03,A04,TGGCTCA,AGCATCT
DI03,A05,CTTGCTC,TTGGTCT
DI03,A06,GAAGCGT,CAAGGAT
DI03,A07,TCTCCAT,AGACGTC
DI03,A08,TTGAAGG,AGGTCAA
DI03,A09,GAATGTC,ATGCTAC
DI03,A10,ATCTCCA,CTCTGAT
DI03,A11,GCGTTAT,TCAAGTC
DI03,A12,TGCACCA,TCGAGCT
DI03,B01,TGCCTAT,ACAGTCT
DI03,B02,AGGAATC,CAGATAC
DI03,B03,TCCACTG,TACGTTC
DI03,B04,TTGTACC,ACGGTTC
DI03,B05,TTCGAGT,CATCGTC
DI03,B06,CTTCAGC,TACGCAT
DI03,B07,CAGTGCA,CTTAGAC
DI03,B08,TGCTGTC,AACTGAC
DI03,B09,CGCCATT,ACTTGCA
DI03,B10,GCCATGA,ACGCGAT
DI03,B11,CACAACG,TCGACAC
DI03,B12,CTTCGCT,ACTCAAC
DI03,C01,TCGTGAA,GAACTGC
DI03,C02,TTATCGG,ACCAGGT
DI03,C03,AGACCAT,TCTAGAG
DI03,C04,ACATGAG,CACACAA
DI03,C05,ACGTACT,GTGGAAC
DI03,C06,CACCTCA,ATATGCC
DI03,C07,GTTGGAG,GGTCTGA
DI03,C08,TGTTCTG,GTGAGAT
DI03,C09,CTTACGT,TTGGCAG
DI03,C10,GAGGTTG,ATGCCTG
DI03,C11,ATGGACA,TCCGAAG
DI03,C12,ACACTGA,GGCTTAC
DI03,D01,ATCTGTG,AGTTGGC
DI03,D02,AATGTGC,AACGATG
DI03,D03,GAGTTGA,ACTACCG
DI03,D04,TTCTCAC,GGTGTCT
DI03,D05,TGAAGCG,CCAGCTT
DI03,D06,GCTACAA,TTAGACG
DI03,D07,AGAGAAC,ACCATAC
DI03,D08,CAGAGTG,GACGACT
DI03,D09,TTCCGAA,GTCACCT
DI03,D10,GTACGAC,CGTGATG
DI03,D11,ACTCTTG,GCTTCCT
DI03,D12,CCAACCA,TAGACGT
DI03,E01,CTCTAGA,CGGACTT
DI03,E02,AATCGGA,ACCGGAA
DI03,E03,CGTCCTA,CCGAAGT
DI03,E04,GGAATGT,GTTATGG
DI03,E05,TCCAAGC,ATCCTCG
DI03,E06,GCACCTA,CGAATAG
DI03,E07,TTGCGTT,TATCCGG
DI03,E08,CAGGATT,AGCAAGA
DI03,E09,CTGCATA,TGTCGAC
DI03,E10,CGTTGAG,TTCCATG
DI03,E11,TGCTACT,GCAATCG
DI03,E12,GTGATCC,TGAGTGG
DI03,F01,GCATGGT,TAGGAGA
DI03,F02,GTCGTTA,AGTCAGT
DI03,F03,CCTGACA,GTGCTGT
DI03,F04,AGTGTAG,CAACAAC
DI03,F05,CGAGCAA,AATAGCC
DI03,F06,CTACTCC,TCTGTGA
DI03,F07,GATGCCA,TGTGGTA
DI03,F08,GACCGAT,GCGTATG
DI03,F09,ACGTTGG,AGTTACG
DI03,F10,ATGAGCG,TTCCTGC
DI03,F11,TACTCCG,TATGTCG
DI03,F12,GATTCAC,GGAGAGA
DI03,G01,ATGACGC,CCTTAGG
DI03,G02,GGTTGTT,TGTATCC
DI03,G03,GTACTTG,CAACCTG
DI03,G04,TAGCAAG,CTGATGA
DI03,G05,CTGCCAT,AAGACAG
DI03,G06,GAGAACA,AGCTCGT
DI03,G07,GTATAGC,GATTGCG
DI03,G08,TGATGGA,TCCTTCA
DI03,G09,GGCAGTA,TCACAGG
DI03,G10,GAAGAAG,AGAGCTG
DI03,G11,AGCGGTT,CCTCTGT
DI03,G12,TAAGGCC,CCTCGAA
DI03,H01,AACCTGT,GTGTCTC
DI03,H02,AGTACAC,ATTGAGG
DI03,H03,CTCGTAG,GACAATC
DI03,H04,CTAGGTG,CACTTGC
DI03,H05,CGATACC,TGAACGC
DI03,H06,TCGGCTA,CGTAGCA
DI03,H07,CGGTTGT,AGGTTCC
DI03,H08,ATTGCCT,GTACACA
DI03,H09,CATTCGA,GATAGGT
DI03,H10,GCACAAT,TAGCCTC
DI03,H11,GCAGTAA,TTCAGCC
DI03,H12,CCTAATC,GGATTCA
DI04,A01,GATCATG,GTGTCTC
DI04,A02,TACATGG,ATTGAGG
DI04,A03,AAGCACC,GACAATC
DI04,A04,TGGCTCA,CACTTGC
DI04,A05,CTTGCTC,TGAACGC
DI04,A06,GAAGCGT,CGTAGCA
DI04,A07,TCTCCAT,AGGTTCC
DI04,A08,TTGAAGG,GTACACA
DI04,A09,GAATGTC,GATAGGT
DI04,A10,ATCTCCA,TAGCCTC
DI04,A11,GCGTTAT,TTCAGCC
DI04,A12,TGCACCA,GGATTCA
DI04,B01,TGCCTAT,TGAGCCT
DI04,B02,AGGAATC,AACGCGA
DI04,B03,TCCACTG,TCATTGC
DI04,B04,TTGTACC,AGCATCT
DI04,B05,TTCGAGT,TTGGTCT
DI04,B06,CTTCAGC,CAAGGAT
DI04,B07,CAGTGCA,AGACGTC
DI04,B08,TGCTGTC,AGGTCAA
DI04,B09,CGCCATT,ATGCTAC
DI04,B10,GCCATGA,CTCTGAT
DI04,B11,CACAACG,TCAAGTC
DI04,B12,CTTCGCT,TCGAGCT
DI04,C01,TCGTGAA,ACAGTCT
DI04,C02,TTATCGG,CAGATAC
DI04,C03,AGACCAT,TACGTTC
DI04,C04,ACATGAG,ACGGTTC
DI04,C05,ACGTACT,CATCGTC
DI04,C06,CACCTCA,TACGCAT
DI04,C07,GTTGGAG,CTTAGAC
DI04,C08,TGTTCTG,AACTGAC
DI04,C09,CTTACGT,ACTTGCA
DI04,C10,GAGGTTG,ACGCGAT
DI04,C11,ATGGACA,TCGACAC
DI04,C12,ACACTGA,ACTCAAC
DI04,D01,ATCTGTG,GAACTGC
DI04,D02,AATGTGC,ACCAGGT
DI04,D03,GAGTTGA,TCTAGAG
DI04,D04,TTCTCAC,CACACAA
DI04,D05,TGAAGCG,GTGGAAC
DI04,D06,GCTACAA,ATATGCC
DI04,D07,AGAGAAC,GGTCTGA
DI04,D08,CAGAGTG,GTGAGAT
DI04,D09,TTCCGAA,TTGGCAG
DI04,D10,GTACGAC,ATGCCTG
DI04,D11,ACTCTTG,TCCGAAG
DI04,D12,CCAACCA,GGCTTAC
DI04,E01,CTCTAGA,AGTTGGC
DI04,E02,AATCGGA,AACGATG
DI04,E03,CGTCCTA,ACTACCG
DI04,E04,GGAATGT,GGTGTCT
DI04,E05,TCCAAGC,CCAGCTT
DI04,E06,GCACCTA,TTAGACG
DI04,E07,TTGCGTT,ACCATAC
DI04,E08,CAGGATT,GACGACT
DI04,E09,CTGCATA,GTCACCT
DI04,E10,CGTTGAG,CGTGATG
DI04,E11,TGCTACT,GCTTCCT
DI04,E12,GTGATCC,TAGACGT
DI04,F01,GCATGGT,CGGACTT
DI04,F02,GTCGTTA,ACCGGAA
DI04,F03,CCTGACA,CCGAAGT
DI04,F04,AGTGTAG,GTTATGG
DI04,F05,CGAGCAA,ATCCTCG
DI04,F06,CTACTCC,CGAATAG
DI04,F07,GATGCCA,TATCCGG
DI04,F08,GACCGAT,AGCAAGA
DI04,F09,ACGTTGG,TGTCGAC
DI04,F10,ATGAGCG,TTCCATG
DI04,F11,TACTCCG,GCAATCG
DI04,F12,GATTCAC,TGAGTGG
DI04,G01,ATGACGC,TAGGAGA
DI04,G02,GGTTGTT,AGTCAGT
DI04,G03,GTACTTG,GTGCTGT
DI04,G04,TAGCAAG,CAACAAC
DI04,G05,CTGCCAT,AATAGCC
DI04,G06,GAGAACA,TCTGTGA
DI04,G07,GTATAGC,TGTGGTA
DI04,G08,TGATGGA,GCGTATG
DI04,G09,GGCAGTA,AGTTACG
DI04,G10,GAAGAAG,TTCCTGC
DI04,G11,AGCGGTT,TATGTCG
DI04,G12,TAAGGCC,GGAGAGA
DI04,H01,AACCTGT,CCTTAGG
DI04,H02,AGTACAC,TGTATCC
DI04,H03,CTCGTAG,CAACCTG
DI04,H04,CTAGGTG,CTGATGA
DI04,H05,CGATACC,AAGACAG
DI04,H06,TCGGCTA,AGCTCGT
DI04,H07,CGGTTGT,GATTGCG
DI04,H08,ATTGCCT,TCCTTCA
DI04,H09,CATTCGA,TCACAGG
DI04,H10,GCACAAT,AGAGCTG
DI04,H11,GCAGTAA,CCTCTGT
DI04,H12,CCTAATC,CCTCGAA
DI05,A01,GATCATG,CCTTAGG
DI05,A02,TACATGG,TGTATCC
DI05,A03,AAGCACC,CAACCTG
DI05,A04,TGGCTCA,CTGATGA
DI05,A05,CTTGCTC,AAGACAG
DI05,A06,GAAGCGT,AGCTCGT
DI05,A07,TCTCCAT,GATTGCG
DI05,A08,TTGAAGG,TCCTTCA
DI05,A09,GAATGTC,TCACAGG
DI05,A10,ATCTCCA,AGAGCTG
DI05,A11,GCGTTAT,CCTCTGT
DI05,A12,TGCACCA,CCTCGAA
DI05,B01,TGCCTAT,GTGTCTC
DI05,B02,AGGAATC,ATTGAGG
DI05,B03,TCCACTG,GACAATC
DI05,B04,TTGTACC,CACTTGC
DI05,B05,TTCGAGT,TGAACGC
DI05,B06,CTTCAGC,CGTAGCA
DI05,B07,CAGTGCA,AGGTTCC
DI05,B08,TGCTGTC,GTACACA
DI05,B09,CGCCATT,GATAGGT
DI05,B10,GCCATGA,TAGCCTC
DI05,B11,CACAACG,TTCAGCC
DI05,B12,CTTCGCT,GGATTCA
DI05,C01,TCGTGAA,TGAGCCT
DI05,C02,TTATCGG,AACGCGA
DI05,C03,AGACCAT,TCATTGC
DI05,C04,ACATGAG,AGCATCT
DI05,C05,ACGTACT,TTGGTCT
DI05,C06,CACCTCA,CAAGGAT
DI05,C07,GTTGGAG,AGACGTC
DI05,C08,TGTTCTG,AGGTCAA
DI05,C09,CTTACGT,ATGCTAC
DI05,C10,GAGGTTG,CTCTGAT
DI05,C11,ATGGACA,TCAAGTC
DI05,C12,ACACTGA,TCGAGCT
DI05,D01,ATCTGTG,ACAGTCT
DI05,D02,AATGTGC,CAGATAC
DI05,D03,GAGTTGA,TACGTTC
DI05,D04,TTCTCAC,ACGGTTC
DI05,D05,TGAAGCG,CATCGTC
DI05,D06,GCTACAA,TACGCAT
DI05,D07,AGAGAAC,CTTAGAC
DI05,D08,CAGAGTG,AACTGAC
DI05,D09,TTCCGAA,ACTTGCA
DI05,D10,GTACGAC,ACGCGAT
DI05,D11,ACTCTTG,TCGACAC
DI05,D12,CCAACCA,ACTCAAC
DI05,E01,CTCTAGA,GAACTGC
DI05,E02,AATCGGA,ACCAGGT
DI05,E03,CGTCCTA,TCTAGAG
DI05,E04,GGAATGT,CACACAA
DI05,E05,TCCAAGC,GTGGAAC
DI05,E06,GCACCTA,ATATGCC
DI05,E07,TTGCGTT,GGTCTGA
DI05,E08,CAGGATT,GTGAGAT
DI05,E09,CTGCATA,TTGGCAG
DI05,E10,CGTTGAG,ATGCCTG
DI05,E11,TGCTACT,TCCGAAG
DI05,E12,GTGATCC,GGCTTAC
DI05,F01,GCATGGT,AGTTGGC
DI05,F02,GTCGTTA,AACGATG
DI05,F03,CCTGACA,ACTACCG
DI05,F04,AGTGTAG,GGTGTCT
DI05,F05,CGAGCAA,CCAGCTT
DI05,F06,CTACTCC,TTAGACG
DI05,F07,GATGCCA,ACCATAC
DI05,F08,GACCGAT,GACGACT
DI05,F09,ACGTTGG,GTCACCT
DI05,F10,ATGAGCG,CGTGATG
DI05,F11,TACTCCG,GCTTCCT
DI05,F12,GATTCAC,TAGACGT
DI05,G01,ATGACGC,CGGACTT
DI05,G02,GGTTGTT,ACCGGAA
DI05,G03,GTACTTG,CCGAAGT
DI05,G04,TAGCAAG,GTTATGG
DI05,G05,CTGCCAT,ATCCTCG
DI05,G06,GAGAACA,CGAATAG
DI05,G07,GTATAGC,TATCCGG
DI05,G08,TGATGGA,AGCAAGA
DI05,G09,GGCAGTA,TGTCGAC
DI05,G10,GAAGAAG,TTCCATG
DI05,G11,AGCGGTT,GCAATCG
DI05,G12,TAAGGCC,TGAGTGG
DI05,H01,AACCTGT,TAGGAGA
DI05,H02,AGTACAC,AGTCAGT
DI05,H03,CTCGTAG,GTGCTGT
DI05,H04,CTAGGTG,CAACAAC
DI05,H05,CGATACC,AATAGCC
DI05,H06,TCGGCTA,TCTGTGA
DI05,H07,CGGTTGT,TGTGGTA
DI05,H08,ATTGCCT,GCGTATG
DI05,H09,CATTCGA,AGTTACG
DI05,H10,GCACAAT,TTCCTGC
DI05,H11,GCAGTAA,TATGTCG
DI05,H12,CCTAATC,GGAGAGA
DI06,A01,GATCATG,TAGGAGA
DI06,A02,TACATGG,AGTCAGT
DI06,A03,AAGCACC,GTGCTGT
DI06,A04,TGGCTCA,CAACAAC
DI06,A05,CTTGCTC,AATAGCC
DI06,A06,GAAGCGT,TCTGTGA
DI06,A07,TCTCCAT,TGTGGTA
DI06,A08,TTGAAGG,GCGTATG
DI06,A09,GAATGTC,AGTTACG
DI06,A10,ATCTCCA,TTCCTGC
DI06,A11,GCGTTAT,TATGTCG
DI06,A12,TGCACCA,GGAGAGA
DI06,B01,TGCCTAT,CCTTAGG
DI06,B02,AGGAATC,TGTATCC
DI06,B03,TCCACTG,CAACCTG
DI06,B04,TTGTACC,CTGATGA
DI06,B05,TTCGAGT,AAGACAG
DI06,B06,CTTCAGC,AGCTCGT
DI06,B07,CAGTGCA,GATTGCG
DI06,B08,TGCTGTC,TCCTTCA
DI06,B09,CGCCATT,TCACAGG
DI06,B10,GCCATGA,AGAGCTG
DI06,B11,CACAACG,CCTCTGT
DI06,B12,CTTCGCT,CCTCGAA
DI06,C01,TCGTGAA,GTGTCTC
DI06,C02,TTATCGG,ATTGAGG
DI06,C03,AGACCAT,GACAATC
DI06,C04,ACATGAG,CACTTGC
DI06,C05,ACGTACT,TGAACGC
DI06,C06,CACCTCA,CGTAGCA
DI06,C07,GTTGGAG,AGGTTCC
DI06,C08,TGTTCTG,GTACACA
DI06,C09,CTTACGT,GATAGGT
DI06,C10,GAGGTTG,TAGCCTC
DI06,C11,ATGGACA,TTCAGCC
DI06,C12,ACACTGA,GGATTCA
DI06,D01,ATCTGTG,TGAGCCT
DI06,D02,AATGTGC,AACGCGA
DI06,D03,GAGTTGA,TCATTGC
DI06,D04,TTCTCAC,AGCATCT
DI06,D05,TGAAGCG,TTGGTCT
DI06,D06,GCTACAA,CAAGGAT
DI06,D07,AGAGAAC,AGACGTC
DI06,D08,CAGAGTG,AGGTCAA
DI06,D09,TTCCGAA,ATGCTAC
DI06,D10,GTACGAC,CTCTGAT
DI06,D11,ACTCTTG,TCAAGTC
DI06,D12,CCAACCA,TCGAGCT
DI06,E01,CTCTAGA,ACAGTCT
DI06,E02,AATCGGA,CAGATAC
DI06,E03,CGTCCTA,TACGTTC
DI06,E04,GGAATGT,ACGGTTC
DI06,E05,TCCAAGC,CATCGTC
DI06,E06,GCACCTA,TACGCAT
DI06,E07,TTGCGTT,CTTAGAC
DI06,E08,CAGGATT,AACTGAC
DI06,E09,CTGCATA,ACTTGCA
DI06,E10,CGTTGAG,ACGCGAT
DI06,E11,TGCTACT,TCGACAC
DI06,E12,GTGATCC,ACTCAAC
DI06,F01,GCATGGT,GAACTGC
DI06,F02,GTCGTTA,ACCAGGT
DI06,F03,CCTGACA,TCTAGAG
DI06,F04,AGTGTAG,CACACAA
DI06,F05,CGAGCAA,GTGGAAC
DI06,F06,CTACTCC,ATATGCC
DI06,F07,GATGCCA,GGTCTGA
DI06,F08,GACCGAT,GTGAGAT
DI06,F09,ACGTTGG,TTGGCAG
DI06,F10,ATGAGCG,ATGCCTG
DI06,F11,TACTCCG,TCCGAAG
DI06,F12,GATTCAC,GGCTTAC
DI06,G01,ATGACGC,AGTTGGC
DI06,G02,GGTTGTT,AACGATG
DI06,G03,GTACTTG,ACTACCG
DI06,G04,TAGCAAG,GGTGTCT
DI06,G05,CTGCCAT,CCAGCTT
DI06,G06,GAGAACA,TTAGACG
DI06,G07,GTATAGC,ACCATAC
DI06,G08,TGATGGA,GACGACT
DI06,G09,GGCAGTA,GTCACCT
DI06,G10,GAAGAAG,CGTGATG
DI06,G11,AGCGGTT,GCTTCCT
DI06,G12,TAAGGCC,TAGACGT
DI06,H01,AACCTGT,CGGACTT
DI06,H02,AGTACAC,ACCGGAA
DI06,H03,CTCGTAG,CCGAAGT
DI06,H04,CTAGGTG,GTTATGG
DI06,H05,CGATACC,ATCCTCG
DI06,H06,TCGGCTA,CGAATAG
DI06,H07,CGGTTGT,TATCCGG
DI06,H08,ATTGCCT,AGCAAGA
DI06,H09,CATTCGA,TGTCGAC
DI06,H10,GCACAAT,TTCCATG
DI06,H11,GCAGTAA,GCAATCG
DI06,H12,CCTAATC,TGAGTGG
DI07,A01,GATCATG,CGGACTT
DI07,A02,TACATGG,ACCGGAA
DI07,A03,AAGCACC,CCGAAGT
DI07,A04,TGGCTCA,GTTATGG
DI07,A05,CTTGCTC,ATCCTCG
DI07,A06,GAAGCGT,CGAATAG
DI07,A07,TCTCCAT,TATCCGG
DI07,A08,TTGAAGG,AGCAAGA
DI07,A09,GAATGTC,TGTCGAC
DI07,A10,ATCTCCA,TTCCATG
DI07,A11,GCGTTAT,GCAATCG
DI07,A12,TGCACCA,TGAGTGG
DI07,B01,TGCCTAT,TAGGAGA
DI07,B02,AGGAATC,AGTCAGT
DI07,B03,TCCACTG,GTGCTGT
DI07,B04,TTGTACC,CAACAAC
DI07,B05,TTCGAGT,AATAGCC
DI07,B06,CTTCAGC,TCTGTGA
DI07,B07,CAGTGCA,TGTGGTA
DI07,B08,TGCTGTC,GCGTATG
DI07,B09,CGCCATT,AGTTACG
DI07,B10,GCCATGA,TTCCTGC
DI07,B11,CACAACG,TATGTCG
DI07,B12,CTTCGCT,GGAGAGA
DI07,C01,TCGTGAA,CCTTAGG
DI07,C02,TTATCGG,TGTATCC
DI07,C03,AGACCAT,CAACCTG
DI07,C04,ACATGAG,CTGATGA
DI07,C05,ACGTACT,AAGACAG
DI07,C06,CACCTCA,AGCTCGT
DI07,C07,GTTGGAG,GATTGCG
DI07,C08,TGTTCTG,TCCTTCA
DI07,C09,CTTACGT,TCACAGG
DI07,C10,GAGGTTG,AGAGCTG
DI07,C11,ATGGACA,CCTCTGT
DI07,C12,ACACTGA,CCTCGAA
DI07,D01,ATCTGTG,GTGTCTC
DI07,D02,AATGTGC,ATTGAGG
DI07,D03,GAGTTGA,GACAATC
DI07,D04,TTCTCAC,CACTTGC
DI07,D05,TGAAGCG,TGAACGC
DI07,D06,GCTACAA,CGTAGCA
DI07,D07,AGAGAAC,AGGTTCC
DI07,D08,CAGAGTG,GTACACA
DI07,D09,TTCCGAA,GATAGGT
DI07,D10,GTACGAC,TAGCCTC
DI07,D11,ACTCTTG,TTCAGCC
DI07,D12,CCAACCA,GGATTCA
DI07,E01,CTCTAGA,TGAGCCT
DI07,E02,AATCGGA,AACGCGA
DI07,E03,CGTCCTA,TCATTGC
DI07,E04,GGAATGT,AGCATCT
DI07,E05,TCCAAGC,TTGGTCT
DI07,E06,GCACCTA,CAAGGAT
DI07,E07,TTGCGTT,AGACGTC
DI07,E08,CAGGATT,AGGTCAA
DI07,E09,CTGCATA,ATGCTAC
DI07,E10,CGTTGAG,CTCTGAT
DI07,E11,TGCTACT,TCAAGTC
DI07,E12,GTGATCC,TCGAGCT
DI07,F01,GCATGGT,ACAGTCT
DI07,F02,GTCGTTA,CAGATAC
DI07,F03,CCTGACA,TACGTTC
DI07,F04,AGTGTAG,ACGGTTC
DI07,F05,CGAGCAA,CATCGTC
DI07,F06,CTACTCC,TACGCAT
DI07,F07,GATGCCA,CTTAGAC
DI07,F08,GACCGAT,AACTGAC
DI07,F09,ACGTTGG,ACTTGCA
DI07,F10,ATGAGCG,ACGCGAT
DI07,F11,TACTCCG,TCGACAC
DI07,F12,GATTCAC,ACTCAAC
DI07,G01,ATGACGC,GAACTGC
DI07,G02,GGTTGTT,ACCAGGT
DI07,G03,GTACTTG,TCTAGAG
DI07,G04,TAGCAAG,CACACAA
DI07,G05,CTGCCAT,GTGGAAC
DI07,G06,GAGAACA,ATATGCC
DI07,G07,GTATAGC,GGTCTGA
DI07,G08,TGATGGA,GTGAGAT
DI07,G09,GGCAGTA,TTGGCAG
DI07,G10,GAAGAAG,ATGCCTG
DI07,G11,AGCGGTT,TCCGAAG
DI07,G12,TAAGGCC,GGCTTAC
DI07,H01,AACCTGT,AGTTGGC
DI07,H02,AGTACAC,AACGATG
DI07,H03,CTCGTAG,ACTACCG
DI07,H04,CTAGGTG,GGTGTCT
DI07,H05,CGATACC,CCAGCTT
DI07,H06,TCGGCTA,TTAGACG
DI07,H07,CGGTTGT,ACCATAC
DI07,H08,ATTGCCT,GACGACT
DI07,H09,CATTCGA,GTCACCT
DI07,H10,GCACAAT,CGTGATG
DI07,H11,GCAGTAA,GCTTCCT
DI07,H12,CCTAATC,TAGACGT
DI08,A01,GATCATG,AGTTGGC
DI08,A02,TACATGG,AACGATG
DI08,A03,AAGCACC,ACTACCG
DI08,A04,TGGCTCA,GGTGTCT
DI08,A05,CTTGCTC,CCAGCTT
DI08,A06,GAAGCGT,TTAGACG
DI08,A07,TCTCCAT,ACCATAC
DI08,A08,TTGAAGG,GACGACT
DI08,A09,GAATGTC,GTCACCT
DI08,A10,ATCTCCA,CGTGATG
DI08,A11,GCGTTAT,GCTTCCT
DI08,A12,TGCACCA,TAGACGT
DI08,B01,TGCCTAT,CGGACTT
DI08,B02,AGGAATC,ACCGGAA
DI08,B03,TCCACTG,CCGAAGT
DI08,B04,TTGTACC,GTTATGG
DI08,B05,TTCGAGT,ATCCTCG
DI08,B06,CTTCAGC,CGAATAG
DI08,B07,CAGTGCA,TATCCGG
DI08,B08,TGCTGTC,AGCAAGA
DI08,B09,CGCCATT,TGTCGAC
DI08,B10,GCCATGA,TTCCATG
DI08,B11,CACAACG,GCAATCG
DI08,B12,CTTCGCT,TGAGTGG
DI08,C01,TCGTGAA,TAGGAGA
DI08,C02,TTATCGG,AGTCAGT
DI08,C03,AGACCAT,GTGCTGT
DI08,C04,ACATGAG,CAACAAC
DI08,C05,ACGTACT,AATAGCC
DI08,C06,CACCTCA,TCTGTGA
DI08,C07,GTTGGAG,TGTGGTA
DI08,C08,TGTTCTG,GCGTATG
DI08,C09,CTTACGT,AGTTACG
DI08,C10,GAGGTTG,TTCCTGC
DI08,C11,ATGGACA,TATGTCG
DI08,C12,ACACTGA,GGAGAGA
DI08,D01,ATCTGTG,CCTTAGG
DI08,D02,AATGTGC,TGTATCC
DI08,D03,GAGTTGA,CAACCTG
DI08,D04,TTCTCAC,CTGATGA
DI08,D05,TGAAGCG,AAGACAG
DI08,D06,GCTACAA,AGCTCGT
DI08,D07,AGAGAAC,GATTGCG
DI08,D08,CAGAGTG,TCCTTCA
DI08,D09,TTCCGAA,TCACAGG
DI08,D10,GTACGAC,AGAGCTG
DI08,D11,ACTCTTG,CCTCTGT
DI08,D12,CCAACCA,CCTCGAA
DI08,E01,CTCTAGA,GTGTCTC
DI08,E02,AATCGGA,ATTGAGG
DI08,E03,CGTCCTA,GACAATC
DI08,E04,GGAATGT,CACTTGC
DI08,E05,TCCAAGC,TGAACGC
DI08,E06,GCACCTA,CGTAGCA
DI08,E07,TTGCGTT,AGGTTCC
DI08,E08,CAGGATT,GTACACA
DI08,E09,CTGCATA,GATAGGT
DI08,E10,CGTTGAG,TAGCCTC
DI08,E11,TGCTACT,TTCAGCC
DI08,E12,GTGATCC,GGATTCA
DI08,F01,GCATGGT,TGAGCCT
DI08,F02,GTCGTTA,AACGCGA
DI08,F03,CCTGACA,TCATTGC
DI08,F04,AGTGTAG,AGCATCT
DI08,F05,CGAGCAA,TTGGTCT
DI08,F06,CTACTCC,CAAGGAT
DI08,F07,GATGCCA,AGACGTC
DI08,F08,GACCGAT,AGGTCAA
DI08,F09,ACGTTGG,ATGCTAC
DI08,F10,ATGAGCG,CTCTGAT
DI08,F11,TACTCCG,TCAAGTC
DI08,F12,GATTCAC,TCGAGCT
DI08,G01,ATGACGC,ACAGTCT
DI08,G02,GGTTGTT,CAGATAC
DI08,G03,GTACTTG,TACGTTC
DI08,G04,TAGCAAG,ACGGTTC
DI08,G05,CTGCCAT,CATCGTC
DI08,G06,GAGAACA,TACGCAT
DI08,G07,GTATAGC,CTTAGAC
DI08,G08,TGATGGA,AACTGAC
DI08,G09,GGCAGTA,ACTTGCA
DI08,G10,GAAGAAG,ACGCGAT
DI08,G11,AGCGGTT,TCGACAC
DI08,G12,TAAGGCC,ACTCAAC
DI08,H01,AACCTGT,GAACTGC
DI08,H02,AGTACAC,ACCAGGT
DI08,H03,CTCGTAG,TCTAGAG
DI08,H04,CTAGGTG,CACACAA
DI08,H05,CGATACC,GTGGAAC
DI08,H06,TCGGCTA,ATATGCC
DI08,H07,CGGTTGT,GGTCTGA
DI08,H08,ATTGCCT,GTGAGAT
DI08,H09,CATTCGA,TTGGCAG
DI08,H10,GCACAAT,ATGCCTG
DI08,H11,GCAGTAA,TCCGAAG
DI08,H12,CCTAATC,GGCTTAC
