PlateName,IndexPlate,Well,ReferenceSequence,InFrameBase,BpIndStart,AaIndStart
Plate01,DI01,A01,GCACTGCAGAAACACTCAGTCGCTATTNNNGCCACGNNNGGTCGGCTGCTTTTCGAACGGTATCCCGAAACGCGGAGCTTGTTTGAACTTCCTGAGAGANNNATACACAAGNNNGCGTCGGCCCTGTTGGCCTACGCCCGTAGT,1,1,1
Plate01,DI01,A02,GCACTGCAGAAACACTCAGTCGCTATTNNNGCCACGNNNGGTCGGCTGCTTTTCGAACGGTATCCCGAAACGCGGAGCTTGTTTGAACTTCCTGAGAGANNNATACACAAGNNNGCGTCGGCCCTGTTGGCCTACGCCCGTAGT,1,1,1
Plate01,DI01,A03,GCACTGCAGAAACACTCAGTCGCTATTNNNGCCACGNNNGGTCGGCTGCTTTTCGAACGGTATCCCGAAACGCGGAGCTTGTTTGAACTTCCTGAGAGANNNATACACAAGNNNGCGTCGGCCCTGTTGGCCTACGCCCGTAGT,1,1,1
Plate01,DI01,A04,GCACTGCAGAAACACTCAGTCGCTATTNNNGCCACGNNNGGTCGGCTGCTTTTCGAACGGTATCCCGAAACGCGGAGCTTGTTTGAACTTCCTGAGAGANNNATACACAAGNNNGCGTCGGCCCTGTTGGCCTACGCCCGTAGT,1,1,1
Plate01,DI01,A05,GCACTGCAGAAACACTCAGTCGCTATTNNNGCCACGNNNGGTCGGCTGCTTTTCGAACGGTATCCCGAAACGCGGAGCTTGTTTGAACTTCCTGAGAGANNNATACACAAGNNNGCGTCGGCCCTGTTGGCCTACGCCCGTAGT,1,1,1
Plate01,DI01,A06,GCACTGCAGAAACACTCAGTCGCTATTNNNGCCACGNNNGGTCGGCTGCTTTTCGAACGGTATCCCGAAACGCGGAGCTTGTTTGAACTTCCTGAGAGANNNATACACAAGNNNGCGTCGGCCCTGTTGGCCTACGCCCGTAGT,1,1,1
Plate01,DI01,A07,GCACTGCAGAAACACTCAGTCGCTATTNNNGCCACGNNNGGTCGGCTGCTTTTCGAACGGTATCCCGAAACGCGGAGCTTGTTTGAACTTCCTGAGAGANNNATACACAAGNNNGCGTCGGCCCTGTTGGCCTACGCCCGTAGT,1,1,1
Plate01,DI01,A08,GCACTGCAGAAACACTCAGTCGCTATTNNNGCCACGNNNGGTCGGCTGCTTTTCGAACGGTATCCCGAAACGCGGAGCTTGTTTGAACTTCCTGAGAGANNNATACACAAGNNNGCGTCGGCCCTGTTGGCCTACGCCCGTAGT,1,1,1
Plate01,DI01,A09,GCACTGCAGAAACACTCAGTCGCTATTNNNGCCACGNNNGGTCGGCTGCTTTTCGAACGGTATCCCGAAACGCGGAGCTTGTTTGAACTTCCTGAGAGANNNATACACAAGNNNGCGTCGGCCCTGTTGGCCTACGCCCGTAGT,1,1,1
Plate01,DI01,A10,GCACTGCAGAAACACTCAGTCGCTATTNNNGCCACGNNNGGTCGGCTGCTTTTCGAACGGTATCCCGAAACGCGGAGCTTGTTTGAACTTCCTGAGAGANNNATACACAAGNNNGCGTCGGCCCTGTTGGCCTACGCCCGTAGT,1,1,1
Plate01,DI01,A11,GCACTGCAGAAACACTCAGTCGCTATTNNNGCCACGNNNGGTCGGCTGCTTTTCGAACGGTATCCCGAAACGCGGAGCTTGTTTGAACTTCCTGAGAGANNNATACACAAGNNNGCGTCGGCCCTGTTGGCCTACGCCCGTAGT,1,1,1
Plate01,DI01,A12,GCACTGCAGAAACACTCAGTCGCTATTNNNGCCACGNNNGGTCGGCTGCTTTTCGAACGGTATCCCGAAACGCGGAGCTTGTTTGAACTTCCTGAGAGANNNATACACAAGNNNGCGTCGGCCCTGTTGGCCTACGCCCGTAGT,1,1,1
Plate01,DI01,B01,GCACTGCAGAAACACTCAGTCGCTATTNNNGCCACGNNNGGTCGGCTGCTTTTCGAACGGTATCCCGAAACGCGGAGCTTGTTTGAACTTCCTGAGAGANNNATACACAAGNNNGCGTCGGCCCTGTTGGCCTACGCCCGTAGT,1,1,1
Plate01,DI01,B02,GCACTGCAGAAACACTCAGTCGCTATTNNNGCCACGNNNGGTCGGCTGCTTTTCGAACGGTATCCCGAAACGCGGAGCTTGTTTGAACTTCCTGAGAGANNNATACACAAGNNNGCGTCGGCCCTGTTGGCCTACGCCCGTAGT,1,1,1
Plate01,DI01,B03,GCACTGCAGAAACACTCAGTCGCTATTNNNGCCACGNNNGGTCGGCTGCTTTTCGAACGGTATCCCGAAACGCGGAGCTTGTTTGAACTTCCTGAGAGANNNATACACAAGNNNGCGTCGGCCCTGTTGGCCTACGCCCGTAGT,1,1,1
Plate01,DI01,B04,GCACTGCAGAAACACTCAGTCGCTATTNNNGCCACGNNNGGTCGGCTGCTTTTCGAACGGTATCCCGAAACGCGGAGCTTGTTTGAACTTCCTGAGAGANNNATACACAAGNNNGCGTCGGCCCTGTTGGCCTACGCCCGTAGT,1,1,1
Plate01,DI01,B05,GCACTGCAGAAACACTCAGTCGCTATTNNNGCCACGNNNGGTCGGCTGCTTTTCGAACGGTATCCCGAAACGCGGAGCTTGTTTGAACTTCCTGAGAGANNNATACACAAGNNNGCGTCGGCCCTGTTGGCCTACGCCCGTAGT,1,1,1
Plate01,DI01,B06,GCACTGCAGAAACACTCAGTCGCTATTNNNGCCACGNNNGGTCGGCTGCTTTTCGAACGGTATCCCGAAACGCGGAGCTTGTTTGAACTTCCTGAGAGANNNATACACAAGNNNGCGTCGGCCCTGTTGGCCTACGCCCGTAGT,1,1,1
Plate01,DI01,B07,GCACTGCAGAAACACTCAGTCGCTATTNNNGCCACGNNNGGTCGGCTGCTTTTCGAACGGTATCCCGAAACGCGGAGCTTGTTTGAACTTCCTGAGAGANNNATACACAAGNNNGCGTCGGCCCTGTTGGCCTACGCCCGTAGT,1,1,1
Plate01,DI01,B08,GCACTGCAGAAACACTCAGTCGCTATTNNNGCCACGNNNGGTCGGCTGCTTTTCGAACGGTATCCCGAAACGCGGAGCTTGTTTGAACTTCCTGAGAGANNNATACACAAGNNNGCGTCGGCCCTGTTGGCCTACGCCCGTAGT,1,1,1
Plate01,DI01,B09,GCACTGCAGAAACACTCAGTCGCTATTNNNGCCACGNNNGGTCGGCTGCTTTTCGAACGGTATCCCGAAACGCGGAGCTTGTTTGAACTTCCTGAGAGANNNATACACAAGNNNGCGTCGGCCCTGTTGGCCTACGCCCGTAGT,1,1,1
Plate01,DI01,B10,GCACTGCAGAAACACTCAGTCGCTATTNNNGCCACGNNNGGTCGGCTGCTTTTCGAACGGTATCCCGAAACGCGGAGCTTGTTTGAACTTCCTGAGAGANNNATACACAAGNNNGCGTCGGCCCTGTTGGCCTACGCCCGTAGT,1,1,1
Plate01,DI01,B11,GCACTGCAGAAACACTCAGTCGCTATTNNNGCCACGNNNGGTCGGCTGCTTTTCGAACGGTATCCCGAAACGCGGAGCTTGTTTGAACTTCCTGAGAGANNNATACACAAGNNNGCGTCGGCCCTGTTGGCCTACGCCCGTAGT,1,1,1
Plate01,DI01,B12,GCACTGCAGAAACACTCAGTCGCTATTNNNGCCACGNNNGGTCGGCTGCTTTTCGAACGGTATCCCGAAACGCGGAGCTTGTTTGAACTTCCTGAGAGANNNATACACAAGNNNGCGTCGGCCCTGTTGGCCTACGCCCGTAGT,1,1,1
Plate01,DI01,C01,GCACTGCAGAAACACTCAGTCGCTATTNNNGCCACGNNNGGTCGGCTGCTTTTCGAACGGTATCCCGAAACGCGGAGCTTGTTTGAACTTCCTGAGAGANNNATACACAAGNNNGCGTCGGCCCTGTTGGCCTACGCCCGTAGT,1,1,1
Plate01,DI01,C02,GCACTGCAGAAACACTCAGTCGCTATTNNNGCCACGNNNGGTCGGCTGCTTTTCGAACGGTATCCCGAAACGCGGAGCTTGTTTGAACTTCCTGAGAGANNNATACACAAGNNNGCGTCGGCCCTGTTGGCCTACGCCCGTAGT,1,1,1
Plate01,DI01,C03,GCACTGCAGAAACACTCAGTCGCTATTNNNGCCACGNNNGGTCGGCTGCTTTTCGAACGGTATCCCGAAACGCGGAGCTTGTTTGAACTTCCTGAGAGANNNATACACAAGNNNGCGTCGGCCCTGTTGGCCTACGCCCGTAGT,1,1,1
Plate01,DI01,C04,GCACTGCAGAAACACTCAGTCGCTATTNNNGCCACGNNNGGTCGGCTGCTTTTCGAACGGTATCCCGAAACGCGGAGCTTGTTTGAACTTCCTGAGAGANNNATACACAAGNNNGCGTCGGCCCTGTTGGCCTACGCCCGTAGT,1,1,1
Plate01,DI01,C05,GCACTGCAGAAACACTCAGTCGCTATTNNNGCCACGNNNGGTCGGCTGCTTTTCGAACGGTATCCCGAAACGCGGAGCTTGTTTGAACTTCCTGAGAGANNNATACACAAGNNNGCGTCGGCCCTGTTGGCCTACGCCCGTAGT,1,1,1
Plate01,DI01,C06,GCACTGCAGAAACACTCAGTCGCTATTNNNGCCACGNNNGGTCGGCTGCTTTTCGAACGGTATCCCGAAACGCGGAGCTTGTTTGAACTTCCTGAGAGANNNATACACAAGNNNGCGTCGGCCCTGTTGGCCTACGCCCGTAGT,1,1,1
Plate01,DI01,C07,GCACTGCAGAAACACTCAGTCGCTATTNNNGCCACGNNNGGTCGGCTGCTTTTCGAACGGTATCCCGAAACGCGGAGCTTGTTTGAACTTCCTGAGAGANNNATACACAAGNNNGCGTCGGCCCTGTTGGCCTACGCCCGTAGT,1,1,1
Plate01,DI01,C08,GCACTGCAGAAACACTCAGTCGCTATTNNNGCCACGNNNGGTCGGCTGCTTTTCGAACGGTATCCCGAAACGCGGAGCTTGTTTGAACTTCCTGAGAGANNNATACACAAGNNNGCGTCGGCCCTGTTGGCCTACGCCCGTAGT,1,1,1
Plate01,DI01,C09,GCACTGCAGAAACACTCAGTCGCTATTNNNGCCACGNNNGGTCGGCTGCTTTTCGAACGGTATCCCGAAACGCGGAGCTTGTTTGAACTTCCTGAGAGANNNATACACAAGNNNGCGTCGGCCCTGTTGGCCTACGCCCGTAGT,1,1,1
Plate01,DI01,C10,GCACTGCAGAAACACTCAGTCGCTATTNNNGCCACGNNNGGTCGGCTGCTTTTCGAACGGTATCCCGAAACGCGGAGCTTGTTTGAACTTCCTGAGAGANNNATACACAAGNNNGCGTCGGCCCTGTTGGCCTACGCCCGTAGT,1,1,1
Plate01,DI01,C11,GCACTGCAGAAACACTCAGTCGCTATTNNNGCCACGNNNGGTCGGCTGCTTTTCGAACGGTATCCCGAAACGCGGAGCTTGTTTGAACTTCCTGAGAGANNNATACACAAGNNNGCGTCGGCCCTGTTGGCCTACGCCCGTAGT,1,1,1
Plate01,DI01,C12,GCACTGCAGAAACACTCAGTCGCTATTNNNGCCACGNNNGGTCGGCTGCTTTTCGAACGGTATCCCGAAACGCGGAGCTTGTTTGAACTTCCTGAGAGANNNATACACAAGNNNGCGTCGGCCCTGTTGGCCTACGCCCGTAGT,1,1,1
Plate01,DI01,D01,GCACTGCAGAAACACTCAGTCGCTATTNNNGCCACGNNNGGTCGGCTGCTTTTCGAACGGTATCCCGAAACGCGGAGCTTGTTTGAACTTCCTGAGAGANNNATACACAAGNNNGCGTCGGCCCTGTTGGCCTACGCCCGTAGT,1,1,1
Plate01,DI01,D02,GCACTGCAGAAACACTCAGTCGCTATTNNNGCCACGNNNGGTCGGCTGCTTTTCGAACGGTATCCCGAAACGCGGAGCTTGTTTGAACTTCCTGAGAGANNNATACACAAGNNNGCGTCGGCCCTGTTGGCCTACGCCCGTAGT,1,1,1
Plate01,DI01,D03,GCACTGCAGAAACACTCAGTCGCTATTNNNGCCACGNNNGGTCGGCTGCTTTTCGAACGGTATCCCGAAACGCGGAGCTTGTTTGAACTTCCTGAGAGANNNATACACAAGNNNGCGTCGGCCCTGTTGGCCTACGCCCGTAGT,1,1,1
Plate01,DI01,D04,GCACTGCAGAAACACTCAGTCGCTATTNNNGCCACGNNNGGTCGGCTGCTTTTCGAACGGTATCCCGAAACGCGGAGCTTGTTTGAACTTCCTGAGAGANNNATACACAAGNNNGCGTCGGCCCTGTTGGCCTACGCCCGTAGT,1,1,1
Plate01,DI01,D05,GCACTGCAGAAACACTCAGTCGCTATTNNNGCCACGNNNGGTCGGCTGCTTTTCGAACGGTATCCCGAAACGCGGAGCTTGTTTGAACTTCCTGAGAGANNNATACACAAGNNNGCGTCGGCCCTGTTGGCCTACGCCCGTAGT,1,1,1
Plate01,DI01,D06,GCACTGCAGAAACACTCAGTCGCTATTNNNGCCACGNNNGGTCGGCTGCTTTTCGAACGGTATCCCGAAACGCGGAGCTTGTTTGAACTTCCTGAGAGANNNATACACAAGNNNGCGTCGGCCCTGTTGGCCTACGCCCGTAGT,1,1,1
Plate01,DI01,D07,GCACTGCAGAAACACTCAGTCGCTATTNNNGCCACGNNNGGTCGGCTGCTTTTCGAACGGTATCCCGAAACGCGGAGCTTGTTTGAACTTCCTGAGAGANNNATACACAAGNNNGCGTCGGCCCTGTTGGCCTACGCCCGTAGT,1,1,1
Plate01,DI01,D08,GCACTGCAGAAACACTCAGTCGCTATTNNNGCCACGNNNGGTCGGCTGCTTTTCGAACGGTATCCCGAAACGCGGAGCTTGTTTGAACTTCCTGAGAGANNNATACACAAGNNNGCGTCGGCCCTGTTGGCCTACGCCCGTAGT,1,1,1
Plate01,DI01,D09,GCACTGCAGAAACACTCAGTCGCTATTNNNGCCACGNNNGGTCGGCTGCTTTTCGAACGGTATCCCGAAACGCGGAGCTTGTTTGAACTTCCTGAGAGANNNATACACAAGNNNGCGTCGGCCCTGTTGGCCTACGCCCGTAGT,1,1,1
Plate01,DI01,D10,GCACTGCAGAAACACTCAGTCGCTATTNNNGCCACGNNNGGTCGGCTGCTTTTCGAACGGTATCCCGAAACGCGGAGCTTGTTTGAACTTCCTGAGAGANNNATACACAAGNNNGCGTCGGCCCTGTTGGCCTACGCCCGTAGT,1,1,1
Plate01,DI01,D11,GCACTGCAGAAACACTCAGTCGCTATTNNNGCCACGNNNGGTCGGCTGCTTTTCGAACGGTATCCCGAAACGCGGAGCTTGTTTGAACTTCCTGAGAGANNNATACACAAGNNNGCGTCGGCCCTGTTGGCCTACGCCCGTAGT,1,1,1
Plate01,DI01,D12,GCACTGCAGAAACACTCAGTCGCTATTNNNGCCACGNNNGGTCGGCTGCTTTTCGAACGGTATCCCGAAACGCGGAGCTTGTTTGAACTTCCTGAGAGANNNATACACAAGNNNGCGTCGGCCCTGTTGGCCTACGCCCGTAGT,1,1,1
Plate01,DI01,E01,GCACTGCAGAAACACTCAGTCGCTATTNNNGCCACGNNNGGTCGGCTGCTTTTCGAACGGTATCCCGAAACGCGGAGCTTGTTTGAACTTCCTGAGAGANNNATACACAAGNNNGCGTCGGCCCTGTTGGCCTACGCCCGTAGT,1,1,1
Plate01,DI01,E02,GCACTGCAGAAACACTCAGTCGCTATTNNNGCCACGNNNGGTCGGCTGCTTTTCGAACGGTATCCCGAAACGCGGAGCTTGTTTGAACTTCCTGAGAGANNNATACACAAGNNNGCGTCGGCCCTGTTGGCCTACGCCCGTAGT,1,1,1
Plate01,DI01,E03,GCACTGCAGAAACACTCAGTCGCTATTNNNGCCACGNNNGGTCGGCTGCTTTTCGAACGGTATCCCGAAACGCGGAGCTTGTTTGAACTTCCTGAGAGANNNATACACAAGNNNGCGTCGGCCCTGTTGGCCTACGCCCGTAGT,1,1,1
Plate01,DI01,E04,GCACTGCAGAAACACTCAGTCGCTATTNNNGCCACGNNNGGTCGGCTGCTTTTCGAACGGTATCCCGAAACGCGGAGCTTGTTTGAACTTCCTGAGAGANNNATACACAAGNNNGCGTCGGCCCTGTTGGCCTACGCCCGTAGT,1,1,1
Plate01,DI01,E05,GCACTGCAGAAACACTCAGTCGCTATTNNNGCCACGNNNGGTCGGCTGCTTTTCGAACGGTATCCCGAAACGCGGAGCTTGTTTGAACTTCCTGAGAGANNNATACACAAGNNNGCGTCGGCCCTGTTGGCCTACGCCCGTAGT,1,1,1
Plate01,DI01,E06,GCACTGCAGAAACACTCAGTCGCTATTNNNGCCACGNNNGGTCGGCTGCTTTTCGAACGGTATCCCGAAACGCGGAGCTTGTTTGAACTTCCTGAGAGANNNATACACAAGNNNGCGTCGGCCCTGTTGGCCTACGCCCGTAGT,1,1,1
Plate01,DI01,E07,GCACTGCAGAAACACTCAGTCGCTATTNNNGCCACGNNNGGTCGGCTGCTTTTCGAACGGTATCCCGAAACGCGGAGCTTGTTTGAACTTCCTGAGAGANNNATACACAAGNNNGCGTCGGCCCTGTTGGCCTACGCCCGTAGT,1,1,1
Plate01,DI01,E08,GCACTGCAGAAACACTCAGTCGCTATTNNNGCCACGNNNGGTCGGCTGCTTTTCGAACGGTATCCCGAAACGCGGAGCTTGTTTGAACTTCCTGAGAGANNNATACACAAGNNNGCGTCGGCCCTGTTGGCCTACGCCCGTAGT,1,1,1
Plate01,DI01,E09,GCACTGCAGAAACACTCAGTCGCTATTNNNGCCACGNNNGGTCGGCTGCTTTTCGAACGGTATCCCGAAACGCGGAGCTTGTTTGAACTTCCTGAGAGANNNATACACAAGNNNGCGTCGGCCCTGTTGGCCTACGCCCGTAGT,1,1,1
Plate01,DI01,E10,GCACTGCAGAAACACTCAGTCGCTATTNNNGCCACGNNNGGTCGGCTGCTTTTCGAACGGTATCCCGAAACGCGGAGCTTGTTTGAACTTCCTGAGAGANNNATACACAAGNNNGCGTCGGCCCTGTTGGCCTACGCCCGTAGT,1,1,1
Plate01,DI01,E11,GCACTGCAGAAACACTCAGTCGCTATTNNNGCCACGNNNGGTCGGCTGCTTTTCGAACGGTATCCCGAAACGCGGAGCTTGTTTGAACTTCCTGAGAGANNNATACACAAGNNNGCGTCGGCCCTGTTGGCCTACGCCCGTAGT,1,1,1
Plate01,DI01,E12,GCACTGCAGAAACACTCAGTCGCTATTNNNGCCACGNNNGGTCGGCTGCTTTTCGAACGGTATCCCGAAACGCGGAGCTTGTTTGAACTTCCTGAGAGANNNATACACAAGNNNGCGTCGGCCCTGTTGGCCTACGCCCGTAGT,1,1,1
Plate01,DI01,F01,GCACTGCAGAAACACTCAGTCGCTATTNNNGCCACGNNNGGTCGGCTGCTTTTCGAACGGTATCCCGAAACGCGGAGCTTGTTTGAACTTCCTGAGAGANNNATACACAAGNNNGCGTCGGCCCTGTTGGCCTACGCCCGTAGT,1,1,1
Plate01,DI01,F02,GCACTGCAGAAACACTCAGTCGCTATTNNNGCCACGNNNGGTCGGCTGCTTTTCGAACGGTATCCCGAAACGCGGAGCTTGTTTGAACTTCCTGAGAGANNNATACACAAGNNNGCGTCGGCCCTGTTGGCCTACGCCCGTAGT,1,1,1
Plate01,DI01,F03,GCACTGCAGAAACACTCAGTCGCTATTNNNGCCACGNNNGGTCGGCTGCTTTTCGAACGGTATCCCGAAACGCGGAGCTTGTTTGAACTTCCTGAGAGANNNATACACAAGNNNGCGTCGGCCCTGTTGGCCTACGCCCGTAGT,1,1,1
Plate01,DI01,F04,GCACTGCAGAAACACTCAGTCGCTATTNNNGCCACGNNNGGTCGGCTGCTTTTCGAACGGTATCCCGAAACGCGGAGCTTGTTTGAACTTCCTGAGAGANNNATACACAAGNNNGCGTCGGCCCTGTTGGCCTACGCCCGTAGT,1,1,1
Plate01,DI01,F05,GCACTGCAGAAACACTCAGTCGCTATTNNNGCCACGNNNGGTCGGCTGCTTTTCGAACGGTATCCCGAAACGCGGAGCTTGTTTGAACTTCCTGAGAGANNNATACACAAGNNNGCGTCGGCCCTGTTGGCCTACGCCCGTAGT,1,1,1
Plate01,DI01,F06,GCACTGCAGAAACACTCAGTCGCTATTNNNGCCACGNNNGGTCGGCTGCTTTTCGAACGGTATCCCGAAACGCGGAGCTTGTTTGAACTTCCTGAGAGANNNATACACAAGNNNGCGTCGGCCCTGTTGGCCTACGCCCGTAGT,1,1,1
Plate01,DI01,F07,GCACTGCAGAAACACTCAGTCGCTATTNNNGCCACGNNNGGTCGGCTGCTTTTCGAACGGTATCCCGAAACGCGGAGCTTGTTTGAACTTCCTGAGAGANNNATACACAAGNNNGCGTCGGCCCTGTTGGCCTACGCCCGTAGT,1,1,1
Plate01,DI01,F08,GCACTGCAGAAACACTCAGTCGCTATTNNNGCCACGNNNGGTCGGCTGCTTTTCGAACGGTATCCCGAAACGCGGAGCTTGTTTGAACTTCCTGAGAGANNNATACACAAGNNNGCGTCGGCCCTGTTGGCCTACGCCCGTAGT,1,1,1
Plate01,DI01,F09,GCACTGCAGAAACACTCAGTCGCTATTNNNGCCACGNNNGGTCGGCTGCTTTTCGAACGGTATCCCGAAACGCGGAGCTTGTTTGAACTTCCTGAGAGANNNATACACAAGNNNGCGTCGGCCCTGTTGGCCTACGCCCGTAGT,1,1,1
Plate01,DI01,F10,GCACTGCAGAAACACTCAGTCGCTATTNNNGCCACGNNNGGTCGGCTGCTTTTCGAACGGTATCCCGAAACGCGGAGCTTGTTTGAACTTCCTGAGAGANNNATACACAAGNNNGCGTCGGCCCTGTTGGCCTACGCCCGTAGT,1,1,1
Plate01,DI01,F11,GCACTGCAGAAACACTCAGTCGCTATTNNNGCCACGNNNGGTCGGCTGCTTTTCGAACGGTATCCCGAAACGCGGAGCTTGTTTGAACTTCCTGAGAGANNNATACACAAGNNNGCGTCGGCCCTGTTGGCCTACGCCCGTAGT,1,1,1
Plate01,DI01,F12,GCACTGCAGAAACACTCAGTCGCTATTNNNGCCACGNNNGGTCGGCTGCTTTTCGAACGGTATCCCGAAACGCGGAGCTTGTTTGAACTTCCTGAGAGANNNATACACAAGNNNGCGTCGGCCCTGTTGGCCTACGCCCGTAGT,1,1,1
Plate01,DI01,G01,GCACTGCAGAAACACTCAGTCGCTATTNNNGCCACGNNNGGTCGGCTGCTTTTCGAACGGTATCCCGAAACGCGGAGCTTGTTTGAACTTCCTGAGAGANNNATACACAAGNNNGCGTCGGCCCTGTTGGCCTACGCCCGTAGT,1,1,1
Plate01,DI01,G02,GCACTGCAGAAACACTCAGTCGCTATTNNNGCCACGNNNGGTCGGCTGCTTTTCGAACGGTATCCCGAAACGCGGAGCTTGTTTGAACTTCCTGAGAGANNNATACACAAGNNNGCGTCGGCCCTGTTGGCCTACGCCCGTAGT,1,1,1
Plate01,DI01,G03,GCACTGCAGAAACACTCAGTCGCTATTNNNGCCACGNNNGGTCGGCTGCTTTTCGAACGGTATCCCGAAACGCGGAGCTTGTTTGAACTTCCTGAGAGANNNATACACAAGNNNGCGTCGGCCCTGTTGGCCTACGCCCGTAGT,1,1,1
Plate01,DI01,G04,GCACTGCAGAAACACTCAGTCGCTATTNNNGCCACGNNNGGTCGGCTGCTTTTCGAACGGTATCCCGAAACGCGGAGCTTGTTTGAACTTCCTGAGAGANNNATACACAAGNNNGCGTCGGCCCTGTTGGCCTACGCCCGTAGT,1,1,1
Plate01,DI01,G05,GCACTGCAGAAACACTCAGTCGCTATTNNNGCCACGNNNGGTCGGCTGCTTTTCGAACGGTATCCCGAAACGCGGAGCTTGTTTGAACTTCCTGAGAGANNNATACACAAGNNNGCGTCGGCCCTGTTGGCCTACGCCCGTAGT,1,1,1
Plate01,DI01,G06,GCACTGCAGAAACACTCAGTCGCTATTNNNGCCACGNNNGGTCGGCTGCTTTTCGAACGGTATCCCGAAACGCGGAGCTTGTTTGAACTTCCTGAGAGANNNATACACAAGNNNGCGTCGGCCCTGTTGGCCTACGCCCGTAGT,1,1,1
Plate01,DI01,G07,GCACTGCAGAAACACTCAGTCGCTATTNNNGCCACGNNNGGTCGGCTGCTTTTCGAACGGTATCCCGAAACGCGGAGCTTGTTTGAACTTCCTGAGAGANNNATACACAAGNNNGCGTCGGCCCTGTTGGCCTACGCCCGTAGT,1,1,1
Plate01,DI01,G08,GCACTGCAGAAACACTCAGTCGCTATTNNNGCCACGNNNGGTCGGCTGCTTTTCGAACGGTATCCCGAAACGCGGAGCTTGTTTGAACTTCCTGAGAGANNNATACACAAGNNNGCGTCGGCCCTGTTGGCCTACGCCCGTAGT,1,1,1
Plate01,DI01,G09,GCACTGCAGAAACACTCAGTCGCTATTNNNGCCACGNNNGGTCGGCTGCTTTTCGAACGGTATCCCGAAACGCGGAGCTTGTTTGAACTTCCTGAGAGANNNATACACAAGNNNGCGTCGGCCCTGTTGGCCTACGCCCGTAGT,1,1,1
Plate01,DI01,G10,GCACTGCAGAAACACTCAGTCGCTATTNNNGCCACGNNNGGTCGGCTGCTTTTCGAACGGTATCCCGAAACGCGGAGCTTGTTTGAACTTCCTGAGAGANNNATACACAAGNNNGCGTCGGCCCTGTTGGCCTACGCCCGTAGT,1,1,1
Plate01,DI01,G11,GCACTGCAGAAACACTCAGTCGCTATTNNNGCCACGNNNGGTCGGCTGCTTTTCGAACGGTATCCCGAAACGCGGAGCTTGTTTGAACTTCCTGAGAGANNNATACACAAGNNNGCGTCGGCCCTGTTGGCCTACGCCCGTAGT,1,1,1
Plate01,DI01,G12,GCACTGCAGAAACACTCAGTCGCTATTNNNGCCACGNNNGGTCGGCTGCTTTTCGAACGGTATCCCGAAACGCGGAGCTTGTTTGAACTTCCTGAGAGANNNATACACAAGNNNGCGTCGGCCCTGTTGGCCTACGCCCGTAGT,1,1,1
Plate01,DI01,H01,GCACTGCAGAAACACTCAGTCGCTATTNNNGCCACGNNNGGTCGGCTGCTTTTCGAACGGTATCCCGAAACGCGGAGCTTGTTTGAACTTCCTGAGAGANNNATACACAAGNNNGCGTCGGCCCTGTTGGCCTACGCCCGTAGT,1,1,1
Plate01,DI01,H02,GCACTGCAGAAACACTCAGTCGCTATTNNNGCCACGNNNGGTCGGCTGCTTTTCGAACGGTATCCCGAAACGCGGAGCTTGTTTGAACTTCCTGAGAGANNNATACACAAGNNNGCGTCGGCCCTGTTGGCCTACGCCCGTAGT,1,1,1
Plate01,DI01,H03,GCACTGCAGAAACACTCAGTCGCTATTNNNGCCACGNNNGGTCGGCTGCTTTTCGAACGGTATCCCGAAACGCGGAGCTTGTTTGAACTTCCTGAGAGANNNATACACAAGNNNGCGTCGGCCCTGTTGGCCTACGCCCGTAGT,1,1,1
Plate01,DI01,H04,GCACTGCAGAAACACTCAGTCGCTATTNNNGCCACGNNNGGTCGGCTGCTTTTCGAACGGTATCCCGAAACGCGGAGCTTGTTTGAACTTCCTGAGAGANNNATACACAAGNNNGCGTCGGCCCTGTTGGCCTACGCCCGTAGT,1,1,1
Plate01,DI01,H05,GCACTGCAGAAACACTCAGTCGCTATTNNNGCCACGNNNGGTCGGCTGCTTTTCGAACGGTATCCCGAAACGCGGAGCTTGTTTGAACTTCCTGAGAGANNNATACACAAGNNNGCGTCGGCCCTGTTGGCCTACGCCCGTAGT,1,1,1
Plate01,DI01,H06,GCACTGCAGAAACACTCAGTCGCTATTNNNGCCACGNNNGGTCGGCTGCTTTTCGAACGGTATCCCGAAACGCGGAGCTTGTTTGAACTTCCTGAGAGANNNATACACAAGNNNGCGTCGGCCCTGTTGGCCTACGCCCGTAGT,1,1,1
Plate01,DI01,H07,GCACTGCAGAAACACTCAGTCGCTATTNNNGCCACGNNNGGTCGGCTGCTTTTCGAACGGTATCCCGAAACGCGGAGCTTGTTTGAACTTCCTGAGAGANNNATACACAAGNNNGCGTCGGCCCTGTTGGCCTACGCCCGTAGT,1,1,1
Plate01,DI01,H08,GCACTGCAGAAACACTCAGTCGCTATTNNNGCCACGNNNGGTCGGCTGCTTTTCGAACGGTATCCCGAAACGCGGAGCTTGTTTGAACTTCCTGAGAGANNNATACACAAGNNNGCGTCGGCCCTGTTGGCCTACGCCCGTAGT,1,1,1
Plate01,DI01,H09,GCACTGCAGAAACACTCAGTCGCTATTNNNGCCACGNNNGGTCGGCTGCTTTTCGAACGGTATCCCGAAACGCGGAGCTTGTTTGAACTTCCTGAGAGANNNATACACAAGNNNGCGTCGGCCCTGTTGGCCTACGCCCGTAGT,1,1,1
Plate01,DI01,H10,GCACTGCAGAAACACTCAGTCGCTATTNNNGCCACGNNNGGTCGGCTGCTTTTCGAACGGTATCCCGAAACGCGGAGCTTGTTTGAACTTCCTGAGAGANNNATACACAAGNNNGCGTCGGCCCTGTTGGCCTACGCCCGTAGT,1,1,1
Plate01,DI01,H11,GCACTGCAGAAACACTCAGTCGCTATTNNNGCCACGNNNGGTCGGCTGCTTTTCGAACGGTATCCCGAAACGCGGAGCTTGTTTGAACTTCCTGAGAGANNNATACACAAGNNNGCGTCGGCCCTGTTGGCCTACGCCCGTAGT,1,1,1
Plate01,DI01,H12,GCACTGCAGAAACACTCAGTCGCTATTNNNGCCACGNNNGGTCGGCTGCTTTTCGAACGGTATCCCGAAACGCGGAGCTTGTTTGAACTTCCTGAGAGANNNATACACAAGNNNGCGTCGGCCCTGTTGGCCTACGCCCGTAGT,1,1,1
Plate02,DI02,A01,GCACTGCAGAAACACTCAGTCGCTATTNNNGCCACGNNNGGTCGGCTGCTTTTCGAACGGTATCCCGAAACGCGGAGCTTGTTTGAACTTCCTGAGAGANNNATACACAAGNNNGCGTCGGCCCTGTTGGCCTACGCCCGTAGT,1,1,1
Plate02,DI02,A02,GCACTGCAGAAACACTCAGTCGCTATTNNNGCCACGNNNGGTCGGCTGCTTTTCGAACGGTATCCCGAAACGCGGAGCTTGTTTGAACTTCCTGAGAGANNNATACACAAGNNNGCGTCGGCCCTGTTGGCCTACGCCCGTAGT,1,1,1
Plate02,DI02,A03,GCACTGCAGAAACACTCAGTCGCTATTNNNGCCACGNNNGGTCGGCTGCTTTTCGAACGGTATCCCGAAACGCGGAGCTTGTTTGAACTTCCTGAGAGANNNATACACAAGNNNGCGTCGGCCCTGTTGGCCTACGCCCGTAGT,1,1,1
Plate02,DI02,A04,GCACTGCAGAAACACTCAGTCGCTATTNNNGCCACGNNNGGTCGGCTGCTTTTCGAACGGTATCCCGAAACGCGGAGCTTGTTTGAACTTCCTGAGAGANNNATACACAAGNNNGCGTCGGCCCTGTTGGCCTACGCCCGTAGT,1,1,1
Plate02,DI02,A05,GCACTGCAGAAACACTCAGTCGCTATTNNNGCCACGNNNGGTCGGCTGCTTTTCGAACGGTATCCCGAAACGCGGAGCTTGTTTGAACTTCCTGAGAGANNNATACACAAGNNNGCGTCGGCCCTGTTGGCCTACGCCCGTAGT,1,1,1
Plate02,DI02,A06,GCACTGCAGAAACACTCAGTCGCTATTNNNGCCACGNNNGGTCGGCTGCTTTTCGAACGGTATCCCGAAACGCGGAGCTTGTTTGAACTTCCTGAGAGANNNATACACAAGNNNGCGTCGGCCCTGTTGGCCTACGCCCGTAGT,1,1,1
Plate02,DI02,A07,GCACTGCAGAAACACTCAGTCGCTATTNNNGCCACGNNNGGTCGGCTGCTTTTCGAACGGTATCCCGAAACGCGGAGCTTGTTTGAACTTCCTGAGAGANNNATACACAAGNNNGCGTCGGCCCTGTTGGCCTACGCCCGTAGT,1,1,1
Plate02,DI02,A08,GCACTGCAGAAACACTCAGTCGCTATTNNNGCCACGNNNGGTCGGCTGCTTTTCGAACGGTATCCCGAAACGCGGAGCTTGTTTGAACTTCCTGAGAGANNNATACACAAGNNNGCGTCGGCCCTGTTGGCCTACGCCCGTAGT,1,1,1
Plate02,DI02,A09,GCACTGCAGAAACACTCAGTCGCTATTNNNGCCACGNNNGGTCGGCTGCTTTTCGAACGGTATCCCGAAACGCGGAGCTTGTTTGAACTTCCTGAGAGANNNATACACAAGNNNGCGTCGGCCCTGTTGGCCTACGCCCGTAGT,1,1,1
Plate02,DI02,A10,GCACTGCAGAAACACTCAGTCGCTATTNNNGCCACGNNNGGTCGGCTGCTTTTCGAACGGTATCCCGAAACGCGGAGCTTGTTTGAACTTCCTGAGAGANNNATACACAAGNNNGCGTCGGCCCTGTTGGCCTACGCCCGTAGT,1,1,1
Plate02,DI02,A11,GCACTGCAGAAACACTCAGTCGCTATTNNNGCCACGNNNGGTCGGCTGCTTTTCGAACGGTATCCCGAAACGCGGAGCTTGTTTGAACTTCCTGAGAGANNNATACACAAGNNNGCGTCGGCCCTGTTGGCCTACGCCCGTAGT,1,1,1
Plate02,DI02,A12,GCACTGCAGAAACACTCAGTCGCTATTNNNGCCACGNNNGGTCGGCTGCTTTTCGAACGGTATCCCGAAACGCGGAGCTTGTTTGAACTTCCTGAGAGANNNATACACAAGNNNGCGTCGGCCCTGTTGGCCTACGCCCGTAGT,1,1,1
Plate02,DI02,B01,GCACTGCAGAAACACTCAGTCGCTATTNNNGCCACGNNNGGTCGGCTGCTTTTCGAACGGTATCCCGAAACGCGGAGCTTGTTTGAACTTCCTGAGAGANNNATACACAAGNNNGCGTCGGCCCTGTTGGCCTACGCCCGTAGT,1,1,1
Plate02,DI02,B02,GCACTGCAGAAACACTCAGTCGCTATTNNNGCCACGNNNGGTCGGCTGCTTTTCGAACGGTATCCCGAAACGCGGAGCTTGTTTGAACTTCCTGAGAGANNNATACACAAGNNNGCGTCGGCCCTGTTGGCCTACGCCCGTAGT,1,1,1
Plate02,DI02,B03,GCACTGCAGAAACACTCAGTCGCTATTNNNGCCACGNNNGGTCGGCTGCTTTTCGAACGGTATCCCGAAACGCGGAGCTTGTTTGAACTTCCTGAGAGANNNATACACAAGNNNGCGTCGGCCCTGTTGGCCTACGCCCGTAGT,1,1,1
Plate02,DI02,B04,GCACTGCAGAAACACTCAGTCGCTATTNNNGCCACGNNNGGTCGGCTGCTTTTCGAACGGTATCCCGAAACGCGGAGCTTGTTTGAACTTCCTGAGAGANNNATACACAAGNNNGCGTCGGCCCTGTTGGCCTACGCCCGTAGT,1,1,1
Plate02,DI02,B05,GCACTGCAGAAACACTCAGTCGCTATTNNNGCCACGNNNGGTCGGCTGCTTTTCGAACGGTATCCCGAAACGCGGAGCTTGTTTGAACTTCCTGAGAGANNNATACACAAGNNNGCGTCGGCCCTGTTGGCCTACGCCCGTAGT,1,1,1
Plate02,DI02,B06,GCACTGCAGAAACACTCAGTCGCTATTNNNGCCACGNNNGGTCGGCTGCTTTTCGAACGGTATCCCGAAACGCGGAGCTTGTTTGAACTTCCTGAGAGANNNATACACAAGNNNGCGTCGGCCCTGTTGGCCTACGCCCGTAGT,1,1,1
Plate02,DI02,B07,GCACTGCAGAAACACTCAGTCGCTATTNNNGCCACGNNNGGTCGGCTGCTTTTCGAACGGTATCCCGAAACGCGGAGCTTGTTTGAACTTCCTGAGAGANNNATACACAAGNNNGCGTCGGCCCTGTTGGCCTACGCCCGTAGT,1,1,1
Plate02,DI02,B08,GCACTGCAGAAACACTCAGTCGCTATTNNNGCCACGNNNGGTCGGCTGCTTTTCGAACGGTATCCCGAAACGCGGAGCTTGTTTGAACTTCCTGAGAGANNNATACACAAGNNNGCGTCGGCCCTGTTGGCCTACGCCCGTAGT,1,1,1
Plate02,DI02,B09,GCACTGCAGAAACACTCAGTCGCTATTNNNGCCACGNNNGGTCGGCTGCTTTTCGAACGGTATCCCGAAACGCGGAGCTTGTTTGAACTTCCTGAGAGANNNATACACAAGNNNGCGTCGGCCCTGTTGGCCTACGCCCGTAGT,1,1,1
Plate02,DI02,B10,GCACTGCAGAAACACTCAGTCGCTATTNNNGCCACGNNNGGTCGGCTGCTTTTCGAACGGTATCCCGAAACGCGGAGCTTGTTTGAACTTCCTGAGAGANNNATACACAAGNNNGCGTCGGCCCTGTTGGCCTACGCCCGTAGT,1,1,1
Plate02,DI02,B11,GCACTGCAGAAACACTCAGTCGCTATTNNNGCCACGNNNGGTCGGCTGCTTTTCGAACGGTATCCCGAAACGCGGAGCTTGTTTGAACTTCCTGAGAGANNNATACACAAGNNNGCGTCGGCCCTGTTGGCCTACGCCCGTAGT,1,1,1
Plate02,DI02,B12,GCACTGCAGAAACACTCAGTCGCTATTNNNGCCACGNNNGGTCGGCTGCTTTTCGAACGGTATCCCGAAACGCGGAGCTTGTTTGAACTTCCTGAGAGANNNATACACAAGNNNGCGTCGGCCCTGTTGGCCTACGCCCGTAGT,1,1,1
Plate02,DI02,C01,GCACTGCAGAAACACTCAGTCGCTATTNNNGCCACGNNNGGTCGGCTGCTTTTCGAACGGTATCCCGAAACGCGGAGCTTGTTTGAACTTCCTGAGAGANNNATACACAAGNNNGCGTCGGCCCTGTTGGCCTACGCCCGTAGT,1,1,1
Plate02,DI02,C02,GCACTGCAGAAACACTCAGTCGCTATTNNNGCCACGNNNGGTCGGCTGCTTTTCGAACGGTATCCCGAAACGCGGAGCTTGTTTGAACTTCCTGAGAGANNNATACACAAGNNNGCGTCGGCCCTGTTGGCCTACGCCCGTAGT,1,1,1
Plate02,DI02,C03,GCACTGCAGAAACACTCAGTCGCTATTNNNGCCACGNNNGGTCGGCTGCTTTTCGAACGGTATCCCGAAACGCGGAGCTTGTTTGAACTTCCTGAGAGANNNATACACAAGNNNGCGTCGGCCCTGTTGGCCTACGCCCGTAGT,1,1,1
Plate02,DI02,C04,GCACTGCAGAAACACTCAGTCGCTATTNNNGCCACGNNNGGTCGGCTGCTTTTCGAACGGTATCCCGAAACGCGGAGCTTGTTTGAACTTCCTGAGAGANNNATACACAAGNNNGCGTCGGCCCTGTTGGCCTACGCCCGTAGT,1,1,1
Plate02,DI02,C05,GCACTGCAGAAACACTCAGTCGCTATTNNNGCCACGNNNGGTCGGCTGCTTTTCGAACGGTATCCCGAAACGCGGAGCTTGTTTGAACTTCCTGAGAGANNNATACACAAGNNNGCGTCGGCCCTGTTGGCCTACGCCCGTAGT,1,1,1
Plate02,DI02,C06,GCACTGCAGAAACACTCAGTCGCTATTNNNGCCACGNNNGGTCGGCTGCTTTTCGAACGGTATCCCGAAACGCGGAGCTTGTTTGAACTTCCTGAGAGANNNATACACAAGNNNGCGTCGGCCCTGTTGGCCTACGCCCGTAGT,1,1,1
Plate02,DI02,C07,GCACTGCAGAAACACTCAGTCGCTATTNNNGCCACGNNNGGTCGGCTGCTTTTCGAACGGTATCCCGAAACGCGGAGCTTGTTTGAACTTCCTGAGAGANNNATACACAAGNNNGCGTCGGCCCTGTTGGCCTACGCCCGTAGT,1,1,1
Plate02,DI02,C08,GCACTGCAGAAACACTCAGTCGCTATTNNNGCCACGNNNGGTCGGCTGCTTTTCGAACGGTATCCCGAAACGCGGAGCTTGTTTGAACTTCCTGAGAGANNNATACACAAGNNNGCGTCGGCCCTGTTGGCCTACGCCCGTAGT,1,1,1
Plate02,DI02,C09,GCACTGCAGAAACACTCAGTCGCTATTNNNGCCACGNNNGGTCGGCTGCTTTTCGAACGGTATCCCGAAACGCGGAGCTTGTTTGAACTTCCTGAGAGANNNATACACAAGNNNGCGTCGGCCCTGTTGGCCTACGCCCGTAGT,1,1,1
Plate02,DI02,C10,GCACTGCAGAAACACTCAGTCGCTATTNNNGCCACGNNNGGTCGGCTGCTTTTCGAACGGTATCCCGAAACGCGGAGCTTGTTTGAACTTCCTGAGAGANNNATACACAAGNNNGCGTCGGCCCTGTTGGCCTACGCCCGTAGT,1,1,1
Plate02,DI02,C11,GCACTGCAGAAACACTCAGTCGCTATTNNNGCCACGNNNGGTCGGCTGCTTTTCGAACGGTATCCCGAAACGCGGAGCTTGTTTGAACTTCCTGAGAGANNNATACACAAGNNNGCGTCGGCCCTGTTGGCCTACGCCCGTAGT,1,1,1
Plate02,DI02,C12,GCACTGCAGAAACACTCAGTCGCTATTNNNGCCACGNNNGGTCGGCTGCTTTTCGAACGGTATCCCGAAACGCGGAGCTTGTTTGAACTTCCTGAGAGANNNATACACAAGNNNGCGTCGGCCCTGTTGGCCTACGCCCGTAGT,1,1,1
Plate02,DI02,D01,GCACTGCAGAAACACTCAGTCGCTATTNNNGCCACGNNNGGTCGGCTGCTTTTCGAACGGTATCCCGAAACGCGGAGCTTGTTTGAACTTCCTGAGAGANNNATACACAAGNNNGCGTCGGCCCTGTTGGCCTACGCCCGTAGT,1,1,1
Plate02,DI02,D02,GCACTGCAGAAACACTCAGTCGCTATTNNNGCCACGNNNGGTCGGCTGCTTTTCGAACGGTATCCCGAAACGCGGAGCTTGTTTGAACTTCCTGAGAGANNNATACACAAGNNNGCGTCGGCCCTGTTGGCCTACGCCCGTAGT,1,1,1
Plate02,DI02,D03,GCACTGCAGAAACACTCAGTCGCTATTNNNGCCACGNNNGGTCGGCTGCTTTTCGAACGGTATCCCGAAACGCGGAGCTTGTTTGAACTTCCTGAGAGANNNATACACAAGNNNGCGTCGGCCCTGTTGGCCTACGCCCGTAGT,1,1,1
Plate02,DI02,D04,GCACTGCAGAAACACTCAGTCGCTATTNNNGCCACGNNNGGTCGGCTGCTTTTCGAACGGTATCCCGAAACGCGGAGCTTGTTTGAACTTCCTGAGAGANNNATACACAAGNNNGCGTCGGCCCTGTTGGCCTACGCCCGTAGT,1,1,1
Plate02,DI02,D05,GCACTGCAGAAACACTCAGTCGCTATTNNNGCCACGNNNGGTCGGCTGCTTTTCGAACGGTATCCCGAAACGCGGAGCTTGTTTGAACTTCCTGAGAGANNNATACACAAGNNNGCGTCGGCCCTGTTGGCCTACGCCCGTAGT,1,1,1
Plate02,DI02,D06,GCACTGCAGAAACACTCAGTCGCTATTNNNGCCACGNNNGGTCGGCTGCTTTTCGAACGGTATCCCGAAACGCGGAGCTTGTTTGAACTTCCTGAGAGANNNATACACAAGNNNGCGTCGGCCCTGTTGGCCTACGCCCGTAGT,1,1,1
Plate02,DI02,D07,GCACTGCAGAAACACTCAGTCGCTATTNNNGCCACGNNNGGTCGGCTGCTTTTCGAACGGTATCCCGAAACGCGGAGCTTGTTTGAACTTCCTGAGAGANNNATACACAAGNNNGCGTCGGCCCTGTTGGCCTACGCCCGTAGT,1,1,1
Plate02,DI02,D08,GCACTGCAGAAACACTCAGTCGCTATTNNNGCCACGNNNGGTCGGCTGCTTTTCGAACGGTATCCCGAAACGCGGAGCTTGTTTGAACTTCCTGAGAGANNNATACACAAGNNNGCGTCGGCCCTGTTGGCCTACGCCCGTAGT,1,1,1
Plate02,DI02,D09,GCACTGCAGAAACACTCAGTCGCTATTNNNGCCACGNNNGGTCGGCTGCTTTTCGAACGGTATCCCGAAACGCGGAGCTTGTTTGAACTTCCTGAGAGANNNATACACAAGNNNGCGTCGGCCCTGTTGGCCTACGCCCGTAGT,1,1,1
Plate02,DI02,D10,GCACTGCAGAAACACTCAGTCGCTATTNNNGCCACGNNNGGTCGGCTGCTTTTCGAACGGTATCCCGAAACGCGGAGCTTGTTTGAACTTCCTGAGAGANNNATACACAAGNNNGCGTCGGCCCTGTTGGCCTACGCCCGTAGT,1,1,1
Plate02,DI02,D11,GCACTGCAGAAACACTCAGTCGCTATTNNNGCCACGNNNGGTCGGCTGCTTTTCGAACGGTATCCCGAAACGCGGAGCTTGTTTGAACTTCCTGAGAGANNNATACACAAGNNNGCGTCGGCCCTGTTGGCCTACGCCCGTAGT,1,1,1
Plate02,DI02,D12,GCACTGCAGAAACACTCAGTCGCTATTNNNGCCACGNNNGGTCGGCTGCTTTTCGAACGGTATCCCGAAACGCGGAGCTTGTTTGAACTTCCTGAGAGANNNATACACAAGNNNGCGTCGGCCCTGTTGGCCTACGCCCGTAGT,1,1,1
Plate02,DI02,E01,GCACTGCAGAAACACTCAGTCGCTATTNNNGCCACGNNNGGTCGGCTGCTTTTCGAACGGTATCCCGAAACGCGGAGCTTGTTTGAACTTCCTGAGAGANNNATACACAAGNNNGCGTCGGCCCTGTTGGCCTACGCCCGTAGT,1,1,1
Plate02,DI02,E02,GCACTGCAGAAACACTCAGTCGCTATTNNNGCCACGNNNGGTCGGCTGCTTTTCGAACGGTATCCCGAAACGCGGAGCTTGTTTGAACTTCCTGAGAGANNNATACACAAGNNNGCGTCGGCCCTGTTGGCCTACGCCCGTAGT,1,1,1
Plate02,DI02,E03,GCACTGCAGAAACACTCAGTCGCTATTNNNGCCACGNNNGGTCGGCTGCTTTTCGAACGGTATCCCGAAACGCGGAGCTTGTTTGAACTTCCTGAGAGANNNATACACAAGNNNGCGTCGGCCCTGTTGGCCTACGCCCGTAGT,1,1,1
Plate02,DI02,E04,GCACTGCAGAAACACTCAGTCGCTATTNNNGCCACGNNNGGTCGGCTGCTTTTCGAACGGTATCCCGAAACGCGGAGCTTGTTTGAACTTCCTGAGAGANNNATACACAAGNNNGCGTCGGCCCTGTTGGCCTACGCCCGTAGT,1,1,1
Plate02,DI02,E05,GCACTGCAGAAACACTCAGTCGCTATTNNNGCCACGNNNGGTCGGCTGCTTTTCGAACGGTATCCCGAAACGCGGAGCTTGTTTGAACTTCCTGAGAGANNNATACACAAGNNNGCGTCGGCCCTGTTGGCCTACGCCCGTAGT,1,1,1
Plate02,DI02,E06,GCACTGCAGAAACACTCAGTCGCTATTNNNGCCACGNNNGGTCGGCTGCTTTTCGAACGGTATCCCGAAACGCGGAGCTTGTTTGAACTTCCTGAGAGANNNATACACAAGNNNGCGTCGGCCCTGTTGGCCTACGCCCGTAGT,1,1,1
Plate02,DI02,E07,GCACTGCAGAAACACTCAGTCGCTATTNNNGCCACGNNNGGTCGGCTGCTTTTCGAACGGTATCCCGAAACGCGGAGCTTGTTTGAACTTCCTGAGAGANNNATACACAAGNNNGCGTCGGCCCTGTTGGCCTACGCCCGTAGT,1,1,1
Plate02,DI02,E08,GCACTGCAGAAACACTCAGTCGCTATTNNNGCCACGNNNGGTCGGCTGCTTTTCGAACGGTATCCCGAAACGCGGAGCTTGTTTGAACTTCCTGAGAGANNNATACACAAGNNNGCGTCGGCCCTGTTGGCCTACGCCCGTAGT,1,1,1
Plate02,DI02,E09,GCACTGCAGAAACACTCAGTCGCTATTNNNGCCACGNNNGGTCGGCTGCTTTTCGAACGGTATCCCGAAACGCGGAGCTTGTTTGAACTTCCTGAGAGANNNATACACAAGNNNGCGTCGGCCCTGTTGGCCTACGCCCGTAGT,1,1,1
Plate02,DI02,E10,GCACTGCAGAAACACTCAGTCGCTATTNNNGCCACGNNNGGTCGGCTGCTTTTCGAACGGTATCCCGAAACGCGGAGCTTGTTTGAACTTCCTGAGAGANNNATACACAAGNNNGCGTCGGCCCTGTTGGCCTACGCCCGTAGT,1,1,1
Plate02,DI02,E11,GCACTGCAGAAACACTCAGTCGCTATTNNNGCCACGNNNGGTCGGCTGCTTTTCGAACGGTATCCCGAAACGCGGAGCTTGTTTGAACTTCCTGAGAGANNNATACACAAGNNNGCGTCGGCCCTGTTGGCCTACGCCCGTAGT,1,1,1
Plate02,DI02,E12,GCACTGCAGAAACACTCAGTCGCTATTNNNGCCACGNNNGGTCGGCTGCTTTTCGAACGGTATCCCGAAACGCGGAGCTTGTTTGAACTTCCTGAGAGANNNATACACAAGNNNGCGTCGGCCCTGTTGGCCTACGCCCGTAGT,1,1,1
Plate02,DI02,F01,GCACTGCAGAAACACTCAGTCGCTATTNNNGCCACGNNNGGTCGGCTGCTTTTCGAACGGTATCCCGAAACGCGGAGCTTGTTTGAACTTCCTGAGAGANNNATACACAAGNNNGCGTCGGCCCTGTTGGCCTACGCCCGTAGT,1,1,1
Plate02,DI02,F02,GCACTGCAGAAACACTCAGTCGCTATTNNNGCCACGNNNGGTCGGCTGCTTTTCGAACGGTATCCCGAAACGCGGAGCTTGTTTGAACTTCCTGAGAGANNNATACACAAGNNNGCGTCGGCCCTGTTGGCCTACGCCCGTAGT,1,1,1
Plate02,DI02,F03,GCACTGCAGAAACACTCAGTCGCTATTNNNGCCACGNNNGGTCGGCTGCTTTTCGAACGGTATCCCGAAACGCGGAGCTTGTTTGAACTTCCTGAGAGANNNATACACAAGNNNGCGTCGGCCCTGTTGGCCTACGCCCGTAGT,1,1,1
Plate02,DI02,F04,GCACTGCAGAAACACTCAGTCGCTATTNNNGCCACGNNNGGTCGGCTGCTTTTCGAACGGTATCCCGAAACGCGGAGCTTGTTTGAACTTCCTGAGAGANNNATACACAAGNNNGCGTCGGCCCTGTTGGCCTACGCCCGTAGT,1,1,1
Plate02,DI02,F05,GCACTGCAGAAACACTCAGTCGCTATTNNNGCCACGNNNGGTCGGCTGCTTTTCGAACGGTATCCCGAAACGCGGAGCTTGTTTGAACTTCCTGAGAGANNNATACACAAGNNNGCGTCGGCCCTGTTGGCCTACGCCCGTAGT,1,1,1
Plate02,DI02,F06,GCACTGCAGAAACACTCAGTCGCTATTNNNGCCACGNNNGGTCGGCTGCTTTTCGAACGGTATCCCGAAACGCGGAGCTTGTTTGAACTTCCTGAGAGANNNATACACAAGNNNGCGTCGGCCCTGTTGGCCTACGCCCGTAGT,1,1,1
Plate02,DI02,F07,GCACTGCAGAAACACTCAGTCGCTATTNNNGCCACGNNNGGTCGGCTGCTTTTCGAACGGTATCCCGAAACGCGGAGCTTGTTTGAACTTCCTGAGAGANNNATACACAAGNNNGCGTCGGCCCTGTTGGCCTACGCCCGTAGT,1,1,1
Plate02,DI02,F08,GCACTGCAGAAACACTCAGTCGCTATTNNNGCCACGNNNGGTCGGCTGCTTTTCGAACGGTATCCCGAAACGCGGAGCTTGTTTGAACTTCCTGAGAGANNNATACACAAGNNNGCGTCGGCCCTGTTGGCCTACGCCCGTAGT,1,1,1
Plate02,DI02,F09,GCACTGCAGAAACACTCAGTCGCTATTNNNGCCACGNNNGGTCGGCTGCTTTTCGAACGGTATCCCGAAACGCGGAGCTTGTTTGAACTTCCTGAGAGANNNATACACAAGNNNGCGTCGGCCCTGTTGGCCTACGCCCGTAGT,1,1,1
Plate02,DI02,F10,GCACTGCAGAAACACTCAGTCGCTATTNNNGCCACGNNNGGTCGGCTGCTTTTCGAACGGTATCCCGAAACGCGGAGCTTGTTTGAACTTCCTGAGAGANNNATACACAAGNNNGCGTCGGCCCTGTTGGCCTACGCCCGTAGT,1,1,1
Plate02,DI02,F11,GCACTGCAGAAACACTCAGTCGCTATTNNNGCCACGNNNGGTCGGCTGCTTTTCGAACGGTATCCCGAAACGCGGAGCTTGTTTGAACTTCCTGAGAGANNNATACACAAGNNNGCGTCGGCCCTGTTGGCCTACGCCCGTAGT,1,1,1
Plate02,DI02,F12,GCACTGCAGAAACACTCAGTCGCTATTNNNGCCACGNNNGGTCGGCTGCTTTTCGAACGGTATCCCGAAACGCGGAGCTTGTTTGAACTTCCTGAGAGANNNATACACAAGNNNGCGTCGGCCCTGTTGGCCTACGCCCGTAGT,1,1,1
Plate02,DI02,G01,GCACTGCAGAAACACTCAGTCGCTATTNNNGCCACGNNNGGTCGGCTGCTTTTCGAACGGTATCCCGAAACGCGGAGCTTGTTTGAACTTCCTGAGAGANNNATACACAAGNNNGCGTCGGCCCTGTTGGCCTACGCCCGTAGT,1,1,1
Plate02,DI02,G02,GCACTGCAGAAACACTCAGTCGCTATTNNNGCCACGNNNGGTCGGCTGCTTTTCGAACGGTATCCCGAAACGCGGAGCTTGTTTGAACTTCCTGAGAGANNNATACACAAGNNNGCGTCGGCCCTGTTGGCCTACGCCCGTAGT,1,1,1
Plate02,DI02,G03,GCACTGCAGAAACACTCAGTCGCTATTNNNGCCACGNNNGGTCGGCTGCTTTTCGAACGGTATCCCGAAACGCGGAGCTTGTTTGAACTTCCTGAGAGANNNATACACAAGNNNGCGTCGGCCCTGTTGGCCTACGCCCGTAGT,1,1,1
Plate02,DI02,G04,GCACTGCAGAAACACTCAGTCGCTATTNNNGCCACGNNNGGTCGGCTGCTTTTCGAACGGTATCCCGAAACGCGGAGCTTGTTTGAACTTCCTGAGAGANNNATACACAAGNNNGCGTCGGCCCTGTTGGCCTACGCCCGTAGT,1,1,1
Plate02,DI02,G05,GCACTGCAGAAACACTCAGTCGCTATTNNNGCCACGNNNGGTCGGCTGCTTTTCGAACGGTATCCCGAAACGCGGAGCTTGTTTGAACTTCCTGAGAGANNNATACACAAGNNNGCGTCGGCCCTGTTGGCCTACGCCCGTAGT,1,1,1
Plate02,DI02,G06,GCACTGCAGAAACACTCAGTCGCTATTNNNGCCACGNNNGGTCGGCTGCTTTTCGAACGGTATCCCGAAACGCGGAGCTTGTTTGAACTTCCTGAGAGANNNATACACAAGNNNGCGTCGGCCCTGTTGGCCTACGCCCGTAGT,1,1,1
Plate02,DI02,G07,GCACTGCAGAAACACTCAGTCGCTATTNNNGCCACGNNNGGTCGGCTGCTTTTCGAACGGTATCCCGAAACGCGGAGCTTGTTTGAACTTCCTGAGAGANNNATACACAAGNNNGCGTCGGCCCTGTTGGCCTACGCCCGTAGT,1,1,1
Plate02,DI02,G08,GCACTGCAGAAACACTCAGTCGCTATTNNNGCCACGNNNGGTCGGCTGCTTTTCGAACGGTATCCCGAAACGCGGAGCTTGTTTGAACTTCCTGAGAGANNNATACACAAGNNNGCGTCGGCCCTGTTGGCCTACGCCCGTAGT,1,1,1
Plate02,DI02,G09,GCACTGCAGAAACACTCAGTCGCTATTNNNGCCACGNNNGGTCGGCTGCTTTTCGAACGGTATCCCGAAACGCGGAGCTTGTTTGAACTTCCTGAGAGANNNATACACAAGNNNGCGTCGGCCCTGTTGGCCTACGCCCGTAGT,1,1,1
Plate02,DI02,G10,GCACTGCAGAAACACTCAGTCGCTATTNNNGCCACGNNNGGTCGGCTGCTTTTCGAACGGTATCCCGAAACGCGGAGCTTGTTTGAACTTCCTGAGAGANNNATACACAAGNNNGCGTCGGCCCTGTTGGCCTACGCCCGTAGT,1,1,1
Plate02,DI02,G11,GCACTGCAGAAACACTCAGTCGCTATTNNNGCCACGNNNGGTCGGCTGCTTTTCGAACGGTATCCCGAAACGCGGAGCTTGTTTGAACTTCCTGAGAGANNNATACACAAGNNNGCGTCGGCCCTGTTGGCCTACGCCCGTAGT,1,1,1
Plate02,DI02,G12,GCACTGCAGAAACACTCAGTCGCTATTNNNGCCACGNNNGGTCGGCTGCTTTTCGAACGGTATCCCGAAACGCGGAGCTTGTTTGAACTTCCTGAGAGANNNATACACAAGNNNGCGTCGGCCCTGTTGGCCTACGCCCGTAGT,1,1,1
Plate02,DI02,H01,GCACTGCAGAAACACTCAGTCGCTATTNNNGCCACGNNNGGTCGGCTGCTTTTCGAACGGTATCCCGAAACGCGGAGCTTGTTTGAACTTCCTGAGAGANNNATACACAAGNNNGCGTCGGCCCTGTTGGCCTACGCCCGTAGT,1,1,1
Plate02,DI02,H02,GCACTGCAGAAACACTCAGTCGCTATTNNNGCCACGNNNGGTCGGCTGCTTTTCGAACGGTATCCCGAAACGCGGAGCTTGTTTGAACTTCCTGAGAGANNNATACACAAGNNNGCGTCGGCCCTGTTGGCCTACGCCCGTAGT,1,1,1
Plate02,DI02,H03,GCACTGCAGAAACACTCAGTCGCTATTNNNGCCACGNNNGGTCGGCTGCTTTTCGAACGGTATCCCGAAACGCGGAGCTTGTTTGAACTTCCTGAGAGANNNATACACAAGNNNGCGTCGGCCCTGTTGGCCTACGCCCGTAGT,1,1,1
Plate02,DI02,H04,GCACTGCAGAAACACTCAGTCGCTATTNNNGCCACGNNNGGTCGGCTGCTTTTCGAACGGTATCCCGAAACGCGGAGCTTGTTTGAACTTCCTGAGAGANNNATACACAAGNNNGCGTCGGCCCTGTTGGCCTACGCCCGTAGT,1,1,1
Plate02,DI02,H05,GCACTGCAGAAACACTCAGTCGCTATTNNNGCCACGNNNGGTCGGCTGCTTTTCGAACGGTATCCCGAAACGCGGAGCTTGTTTGAACTTCCTGAGAGANNNATACACAAGNNNGCGTCGGCCCTGTTGGCCTACGCCCGTAGT,1,1,1
Plate02,DI02,H06,GCACTGCAGAAACACTCAGTCGCTATTNNNGCCACGNNNGGTCGGCTGCTTTTCGAACGGTATCCCGAAACGCGGAGCTTGTTTGAACTTCCTGAGAGANNNATACACAAGNNNGCGTCGGCCCTGTTGGCCTACGCCCGTAGT,1,1,1
Plate02,DI02,H07,GCACTGCAGAAACACTCAGTCGCTATTNNNGCCACGNNNGGTCGGCTGCTTTTCGAACGGTATCCCGAAACGCGGAGCTTGTTTGAACTTCCTGAGAGANNNATACACAAGNNNGCGTCGGCCCTGTTGGCCTACGCCCGTAGT,1,1,1
Plate02,DI02,H08,GCACTGCAGAAACACTCAGTCGCTATTNNNGCCACGNNNGGTCGGCTGCTTTTCGAACGGTATCCCGAAACGCGGAGCTTGTTTGAACTTCCTGAGAGANNNATACACAAGNNNGCGTCGGCCCTGTTGGCCTACGCCCGTAGT,1,1,1
Plate02,DI02,H09,GCACTGCAGAAACACTCAGTCGCTATTNNNGCCACGNNNGGTCGGCTGCTTTTCGAACGGTATCCCGAAACGCGGAGCTTGTTTGAACTTCCTGAGAGANNNATACACAAGNNNGCGTCGGCCCTGTTGGCCTACGCCCGTAGT,1,1,1
Plate02,DI02,H10,GCACTGCAGAAACACTCAGTCGCTATTNNNGCCACGNNNGGTCGGCTGCTTTTCGAACGGTATCCCGAAACGCGGAGCTTGTTTGAACTTCCTGAGAGANNNATACACAAGNNNGCGTCGGCCCTGTTGGCCTACGCCCGTAGT,1,1,1
Plate02,DI02,H11,GCACTGCAGAAACACTCAGTCGCTATTNNNGCCACGNNNGGTCGGCTGCTTTTCGAACGGTATCCCGAAACGCGGAGCTTGTTTGAACTTCCTGAGAGANNNATACACAAGNNNGCGTCGGCCCTGTTGGCCTACGCCCGTAGT,1,1,1
Plate02,DI02,H12,GCACTGCAGAAACACTCAGTCGCTATTNNNGCCACGNNNGGTCGGCTGCTTTTCGAACGGTATCCCGAAACGCGGAGCTTGTTTGAACTTCCTGAGAGANNNATACACAAGNNNGCGTCGGCCCTGTTGGCCTACGCCCGTAGT,1,1,1
