IndexPlate,Plate,Well,VariantCombo,SimpleCombo,VariantsFound,AlignmentFrequency,WellSeqDepth,VariantSequence,Flags
DI01,Plate01,A01,?28L_?31M_?52W_?56H,LMWH,4,0.9460227272727273,352,ALQKHSVAILATMGRLLFERYPETRSLFELPERWIHKHASALLAYARS,
DI01,Plate01,A02,?28M_?31F_?52S_?56V,MFSV,4,0.9807692307692307,676,ALQKHSVAIMATFGRLLFERYPETRSLFELPERSIHKVASALLAYARS,
DI01,Plate01,A03,#DEAD#,#DEAD#,0,0.0,0,#DEAD#,Too few usable reads
DI01,Plate01,A04,?28Q_?31G_?52E_?56D,QGED,4,0.9761163032191069,963,ALQKHSVAIQATGGRLLFERYPETRSLFELPEREIHKDASALLAYARS,
DI01,Plate01,A05,?28I_?31I_?52S_?56L,IISL,4,0.9801192842942346,503,ALQKHSVAIIATIGRLLFERYPETRSLFELPERSIHKLASALLAYARS,
DI01,Plate01,A06,?28I_?31R_?52C_?56L,IRCL,4,0.9765765765765766,555,ALQKHSVAIIATRGRLLFERYPETRSLFELPERCIHKLASALLAYARS,
DI01,Plate01,A07,?28V_?31W_?52E_?56G,VWEG,4,0.3649425287356322,348,ALQKHSVAIVATWGRLLFERYPETRSLFELPEREIHKGASALLAYARS,
DI01,Plate01,A08,#DEAD#,#DEAD#,0,0.0,0,#DEAD#,Too few usable reads
DI01,Plate01,A09,?28F_?31K_?52N_?56S,FKNS,4,0.9798387096774194,744,ALQKHSVAIFATKGRLLFERYPETRSLFELPERNIHKSASALLAYARS,
DI01,Plate01,A10,?28Y_?31R_?52F_?56F,YRFF,4,0.9754253308128544,529,ALQKHSVAIYATRGRLLFERYPETRSLFELPERFIHKFASALLAYARS,
DI01,Plate01,A11,?28S_?31H_P40L_?52L_?56T,SHLLT,5,0.9741100323624595,618,ALQKHSVAISATHGRLLFERYLETRSLFELPERLIHKTASALLAYARS,
DI01,Plate01,A12,?28W_?31F_?52E_?56D,WFED,4,0.9574468085106383,423,ALQKHSVAIWATFGRLLFERYPETRSLFELPEREIHKDASALLAYARS,
DI01,Plate01,B01,?28Y_?31N_?52I_?56T,YNIT,4,0.974025974025974,693,ALQKHSVAIYATNGRLLFERYPETRSLFELPERIIHKTASALLAYARS,
DI01,Plate01,B02,?28F_?31D_?52M_?56H,FDMH,4,0.9745222929936306,471,ALQKHSVAIFATDGRLLFERYPETRSLFELPERMIHKHASALLAYARS,
DI01,Plate01,B03,?28Q_?31A_?52Q_?56L,QAQL,4,0.8646616541353384,399,ALQKHSVAIQATAGRLLFERYPETRSLFELPERQIHKLASALLAYARS,
DI01,Plate01,B04,?28V_?31W_?52Q_?56L,VWQL,4,0.9848254931714719,659,ALQKHSVAIVATWGRLLFERYPETRSLFELPERQIHKLASALLAYARS,
DI01,Plate01,B05,?28S_?31M_?52Q_?56L,SMQL,4,0.981859410430839,441,ALQKHSVAISATMGRLLFERYPETRSLFELPERQIHKLASALLAYARS,
DI01,Plate01,B06,?28G_?31Y_?52R_?56Q,GYRQ,4,0.9876760563380281,568,ALQKHSVAIGATYGRLLFERYPETRSLFELPERRIHKQASALLAYARS,
DI01,Plate01,B07,?28C_?31L_?52C_?56F,CLCF,4,0.9823008849557522,678,ALQKHSVAICATLGRLLFERYPETRSLFELPERCIHKFASALLAYARS,
DI01,Plate01,B08,?28M_?31Y_?52W_?56R,MYWR,4,0.9827856025039123,639,ALQKHSVAIMATYGRLLFERYPETRSLFELPERWIHKRASALLAYARS,
DI01,Plate01,B09,?28W_?31E_?52C_?56N,WECN,4,0.9809027777777778,576,ALQKHSVAIWATEGRLLFERYPETRSLFELPERCIHKNASALLAYARS,
DI01,Plate01,B10,?28L_?31Y_?52N_?56S,LYNS,4,0.9836552748885586,673,ALQKHSVAILATYGRLLFERYPETRSLFELPERNIHKSASALLAYARS,
DI01,Plate01,B11,?28E_?31V_?52I_?56V,EVIV,4,0.9746376811594203,552,ALQKHSVAIEATVGRLLFERYPETRSLFELPERIIHKVASALLAYARS,
DI01,Plate01,B12,?28M_?31A_?52G_?56V,MAGV,4,0.9771241830065359,918,ALQKHSVAIMATAGRLLFERYPETRSLFELPERGIHKVASALLAYARS,
DI01,Plate01,C01,?28W_?31L_?52V_?56L,WLVL,4,0.9662921348314607,712,ALQKHSVAIWATLGRLLFERYPETRSLFELPERVIHKLASALLAYARS,
DI01,Plate01,C02,#DEAD#,#DEAD#,0,0.0,9,#DEAD#,Too few paired reads
DI01,Plate01,C03,?28L_?31G_?52I_?56H,LGIH,4,0.9871382636655949,622,ALQKHSVAILATGGRLLFERYPETRSLFELPERIIHKHASALLAYARS,
DI01,Plate01,C04,?28A_?31S_?52S_?56V,ASSV,4,0.9852507374631269,678,ALQKHSVAIAATSGRLLFERYPETRSLFELPERSIHKVASALLAYARS,
DI01,Plate01,C05,?28V_?31W_?52V_?56D,VWVD,4,0.6818181818181818,22,ALQKHSVAIVATWGRLLFERYPETRSLFELPERVIHKDASALLAYARS,
DI01,Plate01,C06,#DEAD#,#DEAD#,0,0.0,0,#DEAD#,Too few usable reads
DI01,Plate01,C07,?28W_?31Y_?52H_?56H,WYHH,4,0.6363636363636364,11,ALQKHSVAIWATYGRLLFERYPETRSLFELPERHIHKHASALLAYARS,
DI01,Plate01,C08,#DEAD#,#DEAD#,0,0.0,0,#DEAD#,Too few usable reads
DI01,Plate01,C09,?28A_?31F_?52C_?56N,AFCN,4,0.9789915966386554,714,ALQKHSVAIAATFGRLLFERYPETRSLFELPERCIHKNASALLAYARS,
DI01,Plate01,C10,?28M_?31M_?52C_?56Y,MMCY,4,0.9693333333333334,750,ALQKHSVAIMATMGRLLFERYPETRSLFELPERCIHKYASALLAYARS,
DI01,Plate01,C11,?28L_?31R_?52D_?56C,LRDC,4,0.9809941520467836,684,ALQKHSVAILATRGRLLFERYPETRSLFELPERDIHKCASALLAYARS,
DI01,Plate01,C12,?28I_?31E_?52M_?56A,IEMA,4,0.979381443298969,194,ALQKHSVAIIATEGRLLFERYPETRSLFELPERMIHKAASALLAYARS,
DI01,Plate01,D01,?28Q_?31G_?52Q_?56S,QGQS,4,0.9624277456647399,692,ALQKHSVAIQATGGRLLFERYPETRSLFELPERQIHKSASALLAYARS,
DI01,Plate01,D02,?28V_?31A_?52V_?56R,VAVR,4,0.9814432989690721,485,ALQKHSVAIVATAGRLLFERYPETRSLFELPERVIHKRASALLAYARS,
DI01,Plate01,D03,?28M_?31L_?52R_?56N,MLRN,4,0.9705882352941176,272,ALQKHSVAIMATLGRLLFERYPETRSLFELPERRIHKNASALLAYARS,
DI01,Plate01,D04,?28R_?31V_?52E_?56C,RVEC,4,0.75,40,ALQKHSVAIRATVGRLLFERYPETRSLFELPEREIHKCASALLAYARS,
DI01,Plate01,D05,#DEAD#,#DEAD#,0,0.0,0,#DEAD#,Too few usable reads
DI01,Plate01,D06,?28Y_?31S_?52F_?56N,YSFN,4,0.9558359621451105,317,ALQKHSVAIYATSGRLLFERYPETRSLFELPERFIHKNASALLAYARS,
DI01,Plate01,D07,?28S_?31M_?52Q_?56L,SMQL,4,0.9749518304431599,519,ALQKHSVAISATMGRLLFERYPETRSLFELPERQIHKLASALLAYARS,
DI01,Plate01,D08,?28G_?31D_?52R_?56N,GDRN,4,0.9494949494949495,198,ALQKHSVAIGATDGRLLFERYPETRSLFELPERRIHKNASALLAYARS,
DI01,Plate01,D09,?28S_?31N_?52L_?56H,SNLH,4,0.9717813051146384,567,ALQKHSVAISATNGRLLFERYPETRSLFELPERLIHKHASALLAYARS,
DI01,Plate01,D10,?28F_?31H_?52Q_?56M,FHQM,4,0.973170731707317,410,ALQKHSVAIFATHGRLLFERYPETRSLFELPERQIHKMASALLAYARS,
DI01,Plate01,D11,?28E_?31F_?52H_?56F,EFHF,4,0.6428571428571429,14,ALQKHSVAIEATFGRLLFERYPETRSLFELPERHIHKFASALLAYARS,
DI01,Plate01,D12,?28N_?31L_?52V_?56K,NLVK,4,0.9832402234636871,537,ALQKHSVAINATLGRLLFERYPETRSLFELPERVIHKKASALLAYARS,
DI01,Plate01,E01,?28Q_?31R_?52D_?56V,QRDV,4,0.939297124600639,313,ALQKHSVAIQATRGRLLFERYPETRSLFELPERDIHKVASALLAYARS,
DI01,Plate01,E02,?28H_?31K_?52D_?56S,HKDS,4,0.964451313755796,647,ALQKHSVAIHATKGRLLFERYPETRSLFELPERDIHKSASALLAYARS,
DI01,Plate01,E03,?28I_?31P_?52M_?56N,IPMN,4,0.9586776859504132,242,ALQKHSVAIIATPGRLLFERYPETRSLFELPERMIHKNASALLAYARS,
DI01,Plate01,E04,#DEAD#,#DEAD#,0,0.0,0,#DEAD#,Too few usable reads
DI01,Plate01,E05,?28F_?31Y_?52Y_?56L,FYYL,4,0.9777227722772277,404,ALQKHSVAIFATYGRLLFERYPETRSLFELPERYIHKLASALLAYARS,
DI01,Plate01,E06,#DEAD#,#DEAD#,0,0.0,0,#DEAD#,Too few usable reads
DI01,Plate01,E07,?28N_?31M_?52N_?56L,NMNL,4,0.961218836565097,361,ALQKHSVAINATMGRLLFERYPETRSLFELPERNIHKLASALLAYARS,
DI01,Plate01,E08,?28G_?31F_?52C_?56F,GFCF,4,0.9816849816849816,546,ALQKHSVAIGATFGRLLFERYPETRSLFELPERCIHKFASALLAYARS,
DI01,Plate01,E09,?28K_?31F_?52S_?56F,KFSF,4,0.9729119638826185,443,ALQKHSVAIKATFGRLLFERYPETRSLFELPERSIHKFASALLAYARS,
DI01,Plate01,E10,?28V_?31W_?52N_?56H,VWNH,4,0.9713024282560706,453,ALQKHSVAIVATWGRLLFERYPETRSLFELPERNIHKHASALLAYARS,
DI01,Plate01,E11,?28F_?31H_?52S_?56G,FHSG,4,0.9799270072992701,548,ALQKHSVAIFATHGRLLFERYPETRSLFELPERSIHKGASALLAYARS,
DI01,Plate01,E12,?28F_?31M_?52S_?56W,FMSW,4,0.9742765273311897,622,ALQKHSVAIFATMGRLLFERYPETRSLFELPERSIHKWASALLAYARS,
DI01,Plate01,F01,?28L_?31C_?52Q_?56L,LCQL,4,0.8648648648648649,111,ALQKHSVAILATCGRLLFERYPETRSLFELPERQIHKLASALLAYARS,
DI01,Plate01,F02,?28I_?31V_?52D_?56P,IVDP,4,0.969551282051282,624,ALQKHSVAIIATVGRLLFERYPETRSLFELPERDIHKPASALLAYARS,
DI01,Plate01,F03,?28N_?31L_?52Q_?56L,NLQL,4,0.9643874643874644,702,ALQKHSVAINATLGRLLFERYPETRSLFELPERQIHKLASALLAYARS,
DI01,Plate01,F04,?28V_?31A_?52F_?56I,VAFI,4,0.969208211143695,682,ALQKHSVAIVATAGRLLFERYPETRSLFELPERFIHKIASALLAYARS,
DI01,Plate01,F05,?28S_?31M_?52Q_?56L,SMQL,4,0.9732739420935412,449,ALQKHSVAISATMGRLLFERYPETRSLFELPERQIHKLASALLAYARS,
DI01,Plate01,F06,?28Y_?31H_?52K_?56Y,YHKY,4,0.9633699633699634,273,ALQKHSVAIYATHGRLLFERYPETRSLFELPERKIHKYASALLAYARS,
DI01,Plate01,F07,?28M_?31V_?52T_?56Q,MVTQ,4,0.9790732436472347,669,ALQKHSVAIMATVGRLLFERYPETRSLFELPERTIHKQASALLAYARS,
DI01,Plate01,F08,?28Y_?31Q_?52V_?56M,YQVM,4,0.9608355091383812,383,ALQKHSVAIYATQGRLLFERYPETRSLFELPERVIHKMASALLAYARS,
DI01,Plate01,F09,?28G_?31G_?52V_?56Y,GGVY,4,0.9731012658227848,632,ALQKHSVAIGATGGRLLFERYPETRSLFELPERVIHKYASALLAYARS,
DI01,Plate01,F10,?28A_?31Y_?52D_?56W,AYDW,4,0.9838056680161943,494,ALQKHSVAIAATYGRLLFERYPETRSLFELPERDIHKWASALLAYARS,
DI01,Plate01,F11,?28C_?31D_?52Y_?56H,CDYH,4,0.9717171717171718,495,ALQKHSVAICATDGRLLFERYPETRSLFELPERYIHKHASALLAYARS,
DI01,Plate01,F12,?28Q_?31M_?52F_?56C,QMFC,4,0.9453125,128,ALQKHSVAIQATMGRLLFERYPETRSLFELPERFIHKCASALLAYARS,
DI01,Plate01,G01,?28E_?31L_?52Y_?56C,ELYC,4,0.9576107899807321,519,ALQKHSVAIEATLGRLLFERYPETRSLFELPERYIHKCASALLAYARS,
DI01,Plate01,G02,?28Y_?31M_?52L_?56N,YMLN,4,0.9699248120300752,798,ALQKHSVAIYATMGRLLFERYPETRSLFELPERLIHKNASALLAYARS,
DI01,Plate01,G03,#DEAD#,#DEAD#,0,0.0,0,#DEAD#,Too few usable reads
DI01,Plate01,G04,#DEAD#,#DEAD#,0,0.0,8,#DEAD#,Too few paired reads
DI01,Plate01,G05,?28R_?31P_?52G_?56I,RPGI,4,0.9925788497217068,539,ALQKHSVAIRATPGRLLFERYPETRSLFELPERGIHKIASALLAYARS,
DI01,Plate01,G06,?28A_?31E_?52H_?56H,AEHH,4,0.9829619921363041,763,ALQKHSVAIAATEGRLLFERYPETRSLFELPERHIHKHASALLAYARS,
DI01,Plate01,G07,?28Y_?31W_?52D_?56V,YWDV,4,0.9704641350210971,711,ALQKHSVAIYATWGRLLFERYPETRSLFELPERDIHKVASALLAYARS,
DI01,Plate01,G08,?28L_?31S_?52I_?56C,LSIC,4,0.975767366720517,619,ALQKHSVAILATSGRLLFERYPETRSLFELPERIIHKCASALLAYARS,
DI01,Plate01,G09,?28T_?31E_?52P_?56F,TEPF,4,0.9877112135176651,651,ALQKHSVAITATEGRLLFERYPETRSLFELPERPIHKFASALLAYARS,
DI01,Plate01,G10,?28N_?31P_?52V_?56R,NPVR,4,0.9824046920821115,682,ALQKHSVAINATPGRLLFERYPETRSLFELPERVIHKRASALLAYARS,
DI01,Plate01,G11,?28M_?31L_?52K_?56C,MLKC,4,0.9606299212598425,762,ALQKHSVAIMATLGRLLFERYPETRSLFELPERKIHKCASALLAYARS,
DI01,Plate01,G12,?28K_?31F_?52Y_?56R,KFYR,4,0.9740458015267176,655,ALQKHSVAIKATFGRLLFERYPETRSLFELPERYIHKRASALLAYARS,
DI01,Plate01,H01,?28V_?31M_?52W_?56Q,VMWQ,4,0.9582338902147971,838,ALQKHSVAIVATMGRLLFERYPETRSLFELPERWIHKQASALLAYARS,
DI01,Plate01,H02,?28L_?31M_?52I_?56M,LMIM,4,0.968421052631579,665,ALQKHSVAILATMGRLLFERYPETRSLFELPERIIHKMASALLAYARS,
DI01,Plate01,H03,?28S_?31M_?52Q_?56L,SMQL,4,0.966,500,ALQKHSVAISATMGRLLFERYPETRSLFELPERQIHKLASALLAYARS,
DI01,Plate01,H04,?28C_?31F_?52E_?56N,CFEN,4,0.9700315457413249,634,ALQKHSVAICATFGRLLFERYPETRSLFELPEREIHKNASALLAYARS,
DI01,Plate01,H05,#DEAD#,#DEAD#,0,0.0,0,#DEAD#,Too few usable reads
DI01,Plate01,H06,?28Q_?31G_?52E_?56D,QGED,4,0.9701492537313433,469,ALQKHSVAIQATGGRLLFERYPETRSLFELPEREIHKDASALLAYARS,
DI01,Plate01,H07,?28F_?31P_?52Q_?56H,FPQH,4,0.9571984435797666,257,ALQKHSVAIFATPGRLLFERYPETRSLFELPERQIHKHASALLAYARS,
DI01,Plate01,H08,#DEAD#,#DEAD#,0,0.0,0,#DEAD#,Too few usable reads
DI01,Plate01,H09,#DEAD#,#DEAD#,0,0.0,0,#DEAD#,Too few usable reads
DI01,Plate01,H10,?28D_?31Q_?52H_?56H,DQHH,4,0.9639519359145527,749,ALQKHSVAIDATQGRLLFERYPETRSLFELPERHIHKHASALLAYARS,
DI01,Plate01,H11,?28W_?31L_?52L_?56F,WLLF,4,0.9716981132075472,530,ALQKHSVAIWATLGRLLFERYPETRSLFELPERLIHKFASALLAYARS,
DI01,Plate01,H12,?28L_?31V_?52P_?56F,LVPF,4,0.980349344978166,458,ALQKHSVAILATVGRLLFERYPETRSLFELPERPIHKFASALLAYARS,
DI02,Plate02,A01,?28I_?31A_?52F_?56K,IAFK,4,0.976271186440678,590,ALQKHSVAIIATAGRLLFERYPETRSLFELPERFIHKKASALLAYARS,
DI02,Plate02,A02,?28E_?31C_?52P_?56Q,ECPQ,4,0.9685990338164251,414,ALQKHSVAIEATCGRLLFERYPETRSLFELPERPIHKQASALLAYARS,
DI02,Plate02,A03,?28F_?31Q_?52K_?56Y,FQKY,4,0.9666666666666667,360,ALQKHSVAIFATQGRLLFERYPETRSLFELPERKIHKYASALLAYARS,
DI02,Plate02,A04,?28P_?31D_?52V_?56L,PDVL,4,0.9622093023255814,344,ALQKHSVAIPATDGRLLFERYPETRSLFELPERVIHKLASALLAYARS,
DI02,Plate02,A05,?28P_?31D_?52V_?56L,PDVL,4,0.9319727891156463,147,ALQKHSVAIPATDGRLLFERYPETRSLFELPERVIHKLASALLAYARS,
DI02,Plate02,A06,?28T_?31R_?52Y_?56A,TRYA,4,0.9781659388646288,229,ALQKHSVAITATRGRLLFERYPETRSLFELPERYIHKAASALLAYARS,
DI02,Plate02,A07,?28L_?31S_?52Q_?56L,LSQL,4,0.9653179190751445,346,ALQKHSVAILATSGRLLFERYPETRSLFELPERQIHKLASALLAYARS,
DI02,Plate02,A08,?28I_?31A_?52K_?56W,IAKW,4,0.964968152866242,314,ALQKHSVAIIATAGRLLFERYPETRSLFELPERKIHKWASALLAYARS,
DI02,Plate02,A09,?28S_?31G_?52P_?56W,SGPW,4,0.9657142857142857,350,ALQKHSVAISATGGRLLFERYPETRSLFELPERPIHKWASALLAYARS,
DI02,Plate02,A10,?28K_?31Q_?52T_?56Y,KQTY,4,0.9577464788732394,426,ALQKHSVAIKATQGRLLFERYPETRSLFELPERTIHKYASALLAYARS,
DI02,Plate02,A11,?28T_?31V_L48I_?52Q_?56L,TVIQL,5,0.9611307420494699,283,ALQKHSVAITATVGRLLFERYPETRSLFEIPERQIHKLASALLAYARS,
DI02,Plate02,A12,?28S_?31G_?52V_?56E,SGVE,4,0.9832214765100671,596,ALQKHSVAISATGGRLLFERYPETRSLFELPERVIHKEASALLAYARS,
DI02,Plate02,B01,?28L_?31H_?52W_?56Q,LHWQ,4,0.9610027855153204,359,ALQKHSVAILATHGRLLFERYPETRSLFELPERWIHKQASALLAYARS,
DI02,Plate02,B02,?28T_?31L_?52S_?56H,TLSH,4,0.9763157894736842,380,ALQKHSVAITATLGRLLFERYPETRSLFELPERSIHKHASALLAYARS,
DI02,Plate02,B03,?28T_?31V_?52N_?56R,TVNR,4,0.8083333333333333,120,ALQKHSVAITATVGRLLFERYPETRSLFELPERNIHKRASALLAYARS,
DI02,Plate02,B04,?28E_?31P_?52K_?56P,EPKP,4,0.9639423076923077,416,ALQKHSVAIEATPGRLLFERYPETRSLFELPERKIHKPASALLAYARS,
DI02,Plate02,B05,?28A_?31R_?52P_?56C,ARPC,4,0.9757575757575757,330,ALQKHSVAIAATRGRLLFERYPETRSLFELPERPIHKCASALLAYARS,
DI02,Plate02,B06,?28S_?31M_?52Q_?56L,SMQL,4,0.9678362573099415,342,ALQKHSVAISATMGRLLFERYPETRSLFELPERQIHKLASALLAYARS,
DI02,Plate02,B07,#DEAD#,#DEAD#,0,0.0,0,#DEAD#,Too few usable reads
DI02,Plate02,B08,?28H_?31A_?52N_?56A,HANA,4,0.9339622641509434,318,ALQKHSVAIHATAGRLLFERYPETRSLFELPERNIHKAASALLAYARS,
DI02,Plate02,B09,?28H_?31D_?52N_?56Y,HDNY,4,0.85,320,ALQKHSVAIHATDGRLLFERYPETRSLFELPERNIHKYASALLAYARS,
DI02,Plate02,B10,?28C_?31V_?52S_?56C,CVSC,4,0.9796511627906976,344,ALQKHSVAICATVGRLLFERYPETRSLFELPERSIHKCASALLAYARS,
DI02,Plate02,B11,?28L_?31G_?52P_?56C,LGPC,4,0.4186046511627907,344,ALQKHSVAILATGGRLLFERYPETRSLFELPERPIHKCASALLAYARS,
DI02,Plate02,B12,?28Q_?31I_?52A_?56G,QIAG,4,0.9813432835820896,536,ALQKHSVAIQATIGRLLFERYPETRSLFELPERAIHKGASALLAYARS,
DI02,Plate02,C01,?28Y_?31D_?52Q_?56L,YDQL,4,0.9555555555555556,405,ALQKHSVAIYATDGRLLFERYPETRSLFELPERQIHKLASALLAYARS,
DI02,Plate02,C02,?28K_?31R_?52Q_?56L,KRQL,4,0.8447653429602888,277,ALQKHSVAIKATRGRLLFERYPETRSLFELPERQIHKLASALLAYARS,
DI02,Plate02,C03,?28E_?31F_?52W_?56M,EFWM,4,0.9555555555555556,270,ALQKHSVAIEATFGRLLFERYPETRSLFELPERWIHKMASALLAYARS,
DI02,Plate02,C04,?28F_?31A_?52S_?56F,FASF,4,0.973568281938326,454,ALQKHSVAIFATAGRLLFERYPETRSLFELPERSIHKFASALLAYARS,
DI02,Plate02,C05,?28V_?31T_?52K_?56V,VTKV,4,0.8131868131868132,273,ALQKHSVAIVATTGRLLFERYPETRSLFELPERKIHKVASALLAYARS,
DI02,Plate02,C06,?28V_?31P_?52L_?56Y,VPLY,4,0.7142857142857143,406,ALQKHSVAIVATPGRLLFERYPETRSLFELPERLIHKYASALLAYARS,
DI02,Plate02,C07,?28S_?31M_?52Q_?56L,SMQL,4,0.9863760217983651,367,ALQKHSVAISATMGRLLFERYPETRSLFELPERQIHKLASALLAYARS,
DI02,Plate02,C08,?28A_?31P_?52H_?56E,APHE,4,0.9712793733681462,383,ALQKHSVAIAATPGRLLFERYPETRSLFELPERHIHKEASALLAYARS,
DI02,Plate02,C09,#DEAD#,#DEAD#,0,0.0,0,#DEAD#,Too few usable reads
DI02,Plate02,C10,?28F_?31K_?52D_?56K,FKDK,4,0.9822616407982262,451,ALQKHSVAIFATKGRLLFERYPETRSLFELPERDIHKKASALLAYARS,
DI02,Plate02,C11,?28V_?31Q_?52N_?56G,VQNG,4,0.9645776566757494,367,ALQKHSVAIVATQGRLLFERYPETRSLFELPERNIHKGASALLAYARS,
DI02,Plate02,C12,?28L_?31K_?52Q_?56L,LKQL,4,0.963855421686747,498,ALQKHSVAILATKGRLLFERYPETRSLFELPERQIHKLASALLAYARS,
DI02,Plate02,D01,?28C_?31Y_?52Q_?56L,CYQL,4,0.5892857142857143,56,ALQKHSVAICATYGRLLFERYPETRSLFELPERQIHKLASALLAYARS,
DI02,Plate02,D02,?28V_?31M_?52P_?56M,VMPM,4,0.9868852459016394,305,ALQKHSVAIVATMGRLLFERYPETRSLFELPERPIHKMASALLAYARS,
DI02,Plate02,D03,?28D_?31C_?52W_?56F,DCWF,4,0.972636815920398,402,ALQKHSVAIDATCGRLLFERYPETRSLFELPERWIHKFASALLAYARS,
DI02,Plate02,D04,?28Y_?31D_?52Y_?56H,YDYH,4,0.984375,256,ALQKHSVAIYATDGRLLFERYPETRSLFELPERYIHKHASALLAYARS,
DI02,Plate02,D05,?28V_?31K_?52L_?56L,VKLL,4,0.961439588688946,389,ALQKHSVAIVATKGRLLFERYPETRSLFELPERLIHKLASALLAYARS,
DI02,Plate02,D06,?28W_?31Q_?52Q_?56L,WQQL,4,0.9717514124293786,354,ALQKHSVAIWATQGRLLFERYPETRSLFELPERQIHKLASALLAYARS,
DI02,Plate02,D07,?28V_?31V_?52W_?56Y,VVWY,4,0.9781021897810219,411,ALQKHSVAIVATVGRLLFERYPETRSLFELPERWIHKYASALLAYARS,
DI02,Plate02,D08,?28S_?31M_?52Q_?56L,SMQL,4,0.9756756756756757,370,ALQKHSVAISATMGRLLFERYPETRSLFELPERQIHKLASALLAYARS,
DI02,Plate02,D09,?28G_?31V_?52N_?56D,GVND,4,0.9615384615384616,234,ALQKHSVAIGATVGRLLFERYPETRSLFELPERNIHKDASALLAYARS,
DI02,Plate02,D10,?28G_?31D_?52F_?56N,GDFN,4,0.9181141439205955,403,ALQKHSVAIGATDGRLLFERYPETRSLFELPERFIHKNASALLAYARS,
DI02,Plate02,D11,?28K_?31V_?52E_?56D,KVED,4,0.9837133550488599,307,ALQKHSVAIKATVGRLLFERYPETRSLFELPEREIHKDASALLAYARS,
DI02,Plate02,D12,?28W_?31I_?52L_?56E,WILE,4,0.3904109589041096,146,ALQKHSVAIWATIGRLLFERYPETRSLFELPERLIHKEASALLAYARS,
DI02,Plate02,E01,?28L_?31M_?52W_?56V,LMWV,4,0.9578947368421052,380,ALQKHSVAILATMGRLLFERYPETRSLFELPERWIHKVASALLAYARS,
DI02,Plate02,E02,?28F_?31P_?52K_?56F,FPKF,4,0.9127272727272727,275,ALQKHSVAIFATPGRLLFERYPETRSLFELPERKIHKFASALLAYARS,
DI02,Plate02,E03,?28L_?31C_?52I_?56M,LCIM,4,0.976897689768977,303,ALQKHSVAILATCGRLLFERYPETRSLFELPERIIHKMASALLAYARS,
DI02,Plate02,E04,?28S_?31G_?52G_?56V,SGGV,4,0.9911764705882353,340,ALQKHSVAISATGGRLLFERYPETRSLFELPERGIHKVASALLAYARS,
DI02,Plate02,E05,?28V_?31C_?52W_?56R,VCWR,4,0.4359861591695502,289,ALQKHSVAIVATCGRLLFERYPETRSLFELPERWIHKRASALLAYARS,
DI02,Plate02,E06,#DEAD#,#DEAD#,0,0.0,0,#DEAD#,Too few usable reads
DI02,Plate02,E07,?28H_?31A_?52W_?56S,HAWS,4,0.967741935483871,248,ALQKHSVAIHATAGRLLFERYPETRSLFELPERWIHKSASALLAYARS,
DI02,Plate02,E08,?28Y_?31E_?52L_?56M,YELM,4,0.952076677316294,313,ALQKHSVAIYATEGRLLFERYPETRSLFELPERLIHKMASALLAYARS,
DI02,Plate02,E09,?28D_?31I_?52T_?56M,DITM,4,0.9683698296836983,411,ALQKHSVAIDATIGRLLFERYPETRSLFELPERTIHKMASALLAYARS,
DI02,Plate02,E10,?28V_?31V_?52R_?56M,VVRM,4,0.9664082687338501,387,ALQKHSVAIVATVGRLLFERYPETRSLFELPERRIHKMASALLAYARS,
DI02,Plate02,E11,?28S_?31E_?52N_?56C,SENC,4,0.9043824701195219,251,ALQKHSVAISATEGRLLFERYPETRSLFELPERNIHKCASALLAYARS,
DI02,Plate02,E12,?28Y_?31T_?52I_?56S,YTIS,4,0.9515418502202643,227,ALQKHSVAIYATTGRLLFERYPETRSLFELPERIIHKSASALLAYARS,
DI02,Plate02,F01,?28V_?31I_?52K_?56N,VIKN,4,0.9401041666666666,384,ALQKHSVAIVATIGRLLFERYPETRSLFELPERKIHKNASALLAYARS,
DI02,Plate02,F02,?28Q_?31Y_?52I_?56D,QYID,4,0.9591280653950953,367,ALQKHSVAIQATYGRLLFERYPETRSLFELPERIIHKDASALLAYARS,
DI02,Plate02,F03,?28C_?31M_?52L_?56Y,CMLY,4,0.9823008849557522,226,ALQKHSVAICATMGRLLFERYPETRSLFELPERLIHKYASALLAYARS,
DI02,Plate02,F04,?28G_?31T_?52N_?56S,GTNS,4,0.9629629629629629,432,ALQKHSVAIGATTGRLLFERYPETRSLFELPERNIHKSASALLAYARS,
DI02,Plate02,F05,?28Q_?31G_?52R_?56P,QGRP,4,0.9704301075268817,372,ALQKHSVAIQATGGRLLFERYPETRSLFELPERRIHKPASALLAYARS,
DI02,Plate02,F06,?28S_?31M_?52Q_?56L,SMQL,4,0.9766454352441614,471,ALQKHSVAISATMGRLLFERYPETRSLFELPERQIHKLASALLAYARS,
DI02,Plate02,F07,?28C_?31C_?52W_?56L,CCWL,4,0.9421487603305785,121,ALQKHSVAICATCGRLLFERYPETRSLFELPERWIHKLASALLAYARS,
DI02,Plate02,F08,?28H_?31A_?52W_?56S,HAWS,4,0.9746478873239437,355,ALQKHSVAIHATAGRLLFERYPETRSLFELPERWIHKSASALLAYARS,
DI02,Plate02,F09,?28R_?31V_?52R_?56K,RVRK,4,0.9698630136986301,365,ALQKHSVAIRATVGRLLFERYPETRSLFELPERRIHKKASALLAYARS,
DI02,Plate02,F10,?28W_?31K_?52Y_?56L,WKYL,4,0.9099099099099099,111,ALQKHSVAIWATKGRLLFERYPETRSLFELPERYIHKLASALLAYARS,
DI02,Plate02,F11,?28W_?31W_?52T_?56Y,WWTY,4,0.9737991266375546,458,ALQKHSVAIWATWGRLLFERYPETRSLFELPERTIHKYASALLAYARS,
DI02,Plate02,F12,?28L_?31V_?52R_?56R,LVRR,4,0.9962476547842402,533,ALQKHSVAILATVGRLLFERYPETRSLFELPERRIHKRASALLAYARS,
DI02,Plate02,G01,?28L_?31M_?52H_?56N,LMHN,4,0.9665071770334929,418,ALQKHSVAILATMGRLLFERYPETRSLFELPERHIHKNASALLAYARS,
DI02,Plate02,G02,?28G_?31F_?52T_?56W,GFTW,4,0.9515738498789347,413,ALQKHSVAIGATFGRLLFERYPETRSLFELPERTIHKWASALLAYARS,
DI02,Plate02,G03,?28G_?31M_?52S_?56P,GMSP,4,0.968503937007874,254,ALQKHSVAIGATMGRLLFERYPETRSLFELPERSIHKPASALLAYARS,
DI02,Plate02,G04,?28F_?31S_?52N_?56T,FSNT,4,0.9498607242339833,359,ALQKHSVAIFATSGRLLFERYPETRSLFELPERNIHKTASALLAYARS,
DI02,Plate02,G05,?28G_?31M_?52S_?56P,GMSP,4,0.7029411764705882,340,ALQKHSVAIGATMGRLLFERYPETRSLFELPERSIHKPASALLAYARS,
DI02,Plate02,G06,?28V_?31M_?52N_?56I,VMNI,4,0.9772727272727273,616,ALQKHSVAIVATMGRLLFERYPETRSLFELPERNIHKIASALLAYARS,
DI02,Plate02,G07,?28I_?31F_?52M_?56L,IFML,4,0.973568281938326,454,ALQKHSVAIIATFGRLLFERYPETRSLFELPERMIHKLASALLAYARS,
DI02,Plate02,G08,?28G_?31W_?52Q_?56K,GWQK,4,0.5217391304347826,23,ALQKHSVAIGATWGRLLFERYPETRSLFELPERQIHKKASALLAYARS,
DI02,Plate02,G09,?28C_?31W_?52P_?56F,CWPF,4,0.96,250,ALQKHSVAICATWGRLLFERYPETRSLFELPERPIHKFASALLAYARS,
DI02,Plate02,G10,?28D_?31Y_?52F_?56G,DYFG,4,0.9596928982725528,521,ALQKHSVAIDATYGRLLFERYPETRSLFELPERFIHKGASALLAYARS,
DI02,Plate02,G11,?28C_?31Y_?52R_?56Q,CYRQ,4,0.9734151329243353,489,ALQKHSVAICATYGRLLFERYPETRSLFELPERRIHKQASALLAYARS,
DI02,Plate02,G12,?28R_?31K_?52H_?56H,RKHH,4,0.959758551307847,497,ALQKHSVAIRATKGRLLFERYPETRSLFELPERHIHKHASALLAYARS,
DI02,Plate02,H01,?28V_?31C_?52Q_?56T,VCQT,4,0.9776714513556619,627,ALQKHSVAIVATCGRLLFERYPETRSLFELPERQIHKTASALLAYARS,
DI02,Plate02,H02,?28C_?31H_?52D_?56T,CHDT,4,0.9581497797356828,454,ALQKHSVAICATHGRLLFERYPETRSLFELPERDIHKTASALLAYARS,
DI02,Plate02,H03,?28F_?31L_?52C_?56L,FLCL,4,0.9824120603015075,398,ALQKHSVAIFATLGRLLFERYPETRSLFELPERCIHKLASALLAYARS,
DI02,Plate02,H04,?28S_?31M_?52Q_?56L,SMQL,4,0.9925925925925926,405,ALQKHSVAISATMGRLLFERYPETRSLFELPERQIHKLASALLAYARS,
DI02,Plate02,H05,?28L_?31F_?52Q_?56H,LFQH,4,0.9752252252252253,444,ALQKHSVAILATFGRLLFERYPETRSLFELPERQIHKHASALLAYARS,
DI02,Plate02,H06,?28Y_?31E_?52S_?56L,YESL,4,0.9780821917808219,365,ALQKHSVAIYATEGRLLFERYPETRSLFELPERSIHKLASALLAYARS,
DI02,Plate02,H07,?28I_?31V_?52N_?56S,IVNS,4,0.9696312364425163,461,ALQKHSVAIIATVGRLLFERYPETRSLFELPERNIHKSASALLAYARS,
DI02,Plate02,H08,?28K_?31N_?52V_?56F,KNVF,4,0.9781420765027322,549,ALQKHSVAIKATNGRLLFERYPETRSLFELPERVIHKFASALLAYARS,
DI02,Plate02,H09,?28G_?31V_?52T_?56L,GVTL,4,0.9734982332155477,566,ALQKHSVAIGATVGRLLFERYPETRSLFELPERTIHKLASALLAYARS,
DI02,Plate02,H10,?28W_?31Y_?52W_?56A,WYWA,4,0.960352422907489,454,ALQKHSVAIWATYGRLLFERYPETRSLFELPERWIHKAASALLAYARS,
DI02,Plate02,H11,#DEAD#,#DEAD#,0,0.0,0,#DEAD#,Too few usable reads
DI02,Plate02,H12,?28C_?31W_?52T_?56Q,CWTQ,4,0.9366391184573003,363,ALQKHSVAICATWGRLLFERYPETRSLFELPERTIHKQASALLAYARS,
DI03,Plate03,A01,?28E_?31V_?52I_?56F,EVIF,4,0.9752941176470589,850,ALQKHSVAIEATVGRLLFERYPETRSLFELPERIIHKFASALLAYARS,
DI03,Plate03,A02,?28E_?31R_?52F_?56L,ERFL,4,0.9792243767313019,722,ALQKHSVAIEATRGRLLFERYPETRSLFELPERFIHKLASALLAYARS,
DI03,Plate03,A03,?28T_?31V_?52E_?56S,TVES,4,0.9708454810495627,686,ALQKHSVAITATVGRLLFERYPETRSLFELPEREIHKSASALLAYARS,
DI03,Plate03,A04,?28V_?31M_?52P_?56N,VMPN,4,0.9871611982881597,701,ALQKHSVAIVATMGRLLFERYPETRSLFELPERPIHKNASALLAYARS,
DI03,Plate03,A05,?28N_?31F_?52H_?56D,NFHD,4,0.9846449136276392,521,ALQKHSVAINATFGRLLFERYPETRSLFELPERHIHKDASALLAYARS,
DI03,Plate03,A06,?28L_?31P_?52Y_?56Q,LPYQ,4,0.9761904761904762,462,ALQKHSVAILATPGRLLFERYPETRSLFELPERYIHKQASALLAYARS,
DI03,Plate03,A07,?28Y_?31N_?52H_?56L,YNHL,4,0.9793322734499205,629,ALQKHSVAIYATNGRLLFERYPETRSLFELPERHIHKLASALLAYARS,
DI03,Plate03,A08,?28F_?31A_?52F_?56Q,FAFQ,4,0.9762419006479481,463,ALQKHSVAIFATAGRLLFERYPETRSLFELPERFIHKQASALLAYARS,
DI03,Plate03,A09,?28G_?31W_?52W_?56M,GWWM,4,0.9810040705563093,737,ALQKHSVAIGATWGRLLFERYPETRSLFELPERWIHKMASALLAYARS,
DI03,Plate03,A10,?28Q_?31Y_?52H_?56V,QYHV,4,0.6857585139318886,646,ALQKHSVAIQATYGRLLFERYPETRSLFELPERHIHKVASALLAYARS,
DI03,Plate03,A11,?28Y_?31W_?52E_?56Q,YWEQ,4,0.9701492537313433,603,ALQKHSVAIYATWGRLLFERYPETRSLFELPEREIHKQASALLAYARS,
DI03,Plate03,A12,?28L_?31I_?52K_?56L,LIKL,4,0.9802431610942249,658,ALQKHSVAILATIGRLLFERYPETRSLFELPERKIHKLASALLAYARS,
DI03,Plate03,B01,?28V_?31S_?52S_?56V,VSSV,4,0.9786516853932584,890,ALQKHSVAIVATSGRLLFERYPETRSLFELPERSIHKVASALLAYARS,
DI03,Plate03,B02,?28V_?31N_?52G_?56T,VNGT,4,0.9821109123434705,559,ALQKHSVAIVATNGRLLFERYPETRSLFELPERGIHKTASALLAYARS,
DI03,Plate03,B03,?28C_?31L_?52F_?56L,CLFL,4,0.9758064516129032,372,ALQKHSVAICATLGRLLFERYPETRSLFELPERFIHKLASALLAYARS,
DI03,Plate03,B04,?28L_?31V_?52L_?56F,LVLF,4,0.9838969404186796,621,ALQKHSVAILATVGRLLFERYPETRSLFELPERLIHKFASALLAYARS,
DI03,Plate03,B05,?28F_?31V_?52V_?56P,FVVP,4,0.9809885931558935,526,ALQKHSVAIFATVGRLLFERYPETRSLFELPERVIHKPASALLAYARS,
DI03,Plate03,B06,?28L_?31D_?52G_?56P,LDGP,4,0.9705882352941176,578,ALQKHSVAILATDGRLLFERYPETRSLFELPERGIHKPASALLAYARS,
DI03,Plate03,B07,?28S_?31M_?52Q_?56L,SMQL,4,0.9563636363636364,275,ALQKHSVAISATMGRLLFERYPETRSLFELPERQIHKLASALLAYARS,
DI03,Plate03,B08,?28L_?31I_?52Y_?56S,LIYS,4,0.9697933227344993,629,ALQKHSVAILATIGRLLFERYPETRSLFELPERYIHKSASALLAYARS,
DI03,Plate03,B09,?28P_?31T_?52A_?56Y,PTAY,4,0.9858267716535433,635,ALQKHSVAIPATTGRLLFERYPETRSLFELPERAIHKYASALLAYARS,
DI03,Plate03,B10,?28E_?31C_?52V_?56L,ECVL,4,0.9891975308641975,648,ALQKHSVAIEATCGRLLFERYPETRSLFELPERVIHKLASALLAYARS,
DI03,Plate03,B11,?28E_?31M_?52R_?56E,EMRE,4,0.975517890772128,531,ALQKHSVAIEATMGRLLFERYPETRSLFELPERRIHKEASALLAYARS,
DI03,Plate03,B12,?28E_?31T_?52G_?56I,ETGI,4,0.986228813559322,944,ALQKHSVAIEATTGRLLFERYPETRSLFELPERGIHKIASALLAYARS,
DI03,Plate03,C01,?28M_?31K_?52Y_?56L,MKYL,4,0.9748322147651006,596,ALQKHSVAIMATKGRLLFERYPETRSLFELPERYIHKLASALLAYARS,
DI03,Plate03,C02,?28Q_?31N_?52V_?56P,QNVP,4,0.9859437751004017,498,ALQKHSVAIQATNGRLLFERYPETRSLFELPERVIHKPASALLAYARS,
DI03,Plate03,C03,?28T_?31E_?52P_?56H,TEPH,4,0.9624183006535948,612,ALQKHSVAITATEGRLLFERYPETRSLFELPERPIHKHASALLAYARS,
DI03,Plate03,C04,#DEAD#,#DEAD#,0,0.0,6,#DEAD#,Too few paired reads
DI03,Plate03,C05,?28F_?31I_?52E_?56Y,FIEY,4,0.9865092748735245,593,ALQKHSVAIFATIGRLLFERYPETRSLFELPEREIHKYASALLAYARS,
DI03,Plate03,C06,?28K_?31F_?52S_?56K,KFSK,4,0.97632058287796,549,ALQKHSVAIKATFGRLLFERYPETRSLFELPERSIHKKASALLAYARS,
DI03,Plate03,C07,#DEAD#,#DEAD#,0,0.0,0,#DEAD#,Too few usable reads
DI03,Plate03,C08,?28S_?31M_?52Q_?56L,SMQL,4,0.9850746268656716,536,ALQKHSVAISATMGRLLFERYPETRSLFELPERQIHKLASALLAYARS,
DI03,Plate03,C09,?28F_?31Q_?52W_?56V,FQWV,4,0.9770318021201413,566,ALQKHSVAIFATQGRLLFERYPETRSLFELPERWIHKVASALLAYARS,
DI03,Plate03,C10,#DEAD#,#DEAD#,0,0.0,0,#DEAD#,Too few usable reads
DI03,Plate03,C11,?28C_?31G_?52Q_?56C,CGQC,4,0.9703153988868275,539,ALQKHSVAICATGGRLLFERYPETRSLFELPERQIHKCASALLAYARS,
DI03,Plate03,C12,?28Q_?31H_?52D_?56V,QHDV,4,0.9713375796178344,628,ALQKHSVAIQATHGRLLFERYPETRSLFELPERDIHKVASALLAYARS,
DI03,Plate03,D01,?28R_?31V_?52M_?56H,RVMH,4,0.9762308998302207,589,ALQKHSVAIRATVGRLLFERYPETRSLFELPERMIHKHASALLAYARS,
DI03,Plate03,D02,?28E_?31M_?52S_?56M,EMSM,4,0.9732142857142857,224,ALQKHSVAIEATMGRLLFERYPETRSLFELPERSIHKMASALLAYARS,
DI03,Plate03,D03,?28W_?31Q_?52I_?56L,WQIL,4,0.9890829694323144,458,ALQKHSVAIWATQGRLLFERYPETRSLFELPERIIHKLASALLAYARS,
DI03,Plate03,D04,?28W_?31V_?52F_?56N,WVFN,4,0.9834087481146304,663,ALQKHSVAIWATVGRLLFERYPETRSLFELPERFIHKNASALLAYARS,
DI03,Plate03,D05,?28K_?31H_?52M_?56V,KHMV,4,0.9736263736263736,455,ALQKHSVAIKATHGRLLFERYPETRSLFELPERMIHKVASALLAYARS,
DI03,Plate03,D06,?28S_?31P_?52L_?56I,SPLI,4,0.9777015437392796,583,ALQKHSVAISATPGRLLFERYPETRSLFELPERLIHKIASALLAYARS,
DI03,Plate03,D07,?28T_?31I_?52A_?56K,TIAK,4,0.6731707317073171,205,ALQKHSVAITATIGRLLFERYPETRSLFELPERAIHKKASALLAYARS,
DI03,Plate03,D08,?28L_?31P_?52Y_?56Q,LPYQ,4,0.9904761904761905,525,ALQKHSVAILATPGRLLFERYPETRSLFELPERYIHKQASALLAYARS,
DI03,Plate03,D09,?28S_?31M_?52Q_?56L,SMQL,4,0.9831578947368421,475,ALQKHSVAISATMGRLLFERYPETRSLFELPERQIHKLASALLAYARS,
DI03,Plate03,D10,?28T_?31K_?52Q_?56L,TKQL,4,0.9289340101522843,394,ALQKHSVAITATKGRLLFERYPETRSLFELPERQIHKLASALLAYARS,
DI03,Plate03,D11,?28V_?31S_?52K_?56F,VSKF,4,0.9854368932038835,412,ALQKHSVAIVATSGRLLFERYPETRSLFELPERKIHKFASALLAYARS,
DI03,Plate03,D12,?28I_?31L_?52E_?56V,ILEV,4,0.9731993299832495,597,ALQKHSVAIIATLGRLLFERYPETRSLFELPEREIHKVASALLAYARS,
DI03,Plate03,E01,?28N_?31K_?52L_?56H,NKLH,4,0.9610894941634242,257,ALQKHSVAINATKGRLLFERYPETRSLFELPERLIHKHASALLAYARS,
DI03,Plate03,E02,?28N_?31D_?52L_?56R,NDLR,4,0.9645776566757494,367,ALQKHSVAINATDGRLLFERYPETRSLFELPERLIHKRASALLAYARS,
DI03,Plate03,E03,?28Q_?31M_?52V_?56T,QMVT,4,0.9693251533742331,163,ALQKHSVAIQATMGRLLFERYPETRSLFELPERVIHKTASALLAYARS,
DI03,Plate03,E04,?28Y_?31G_?52E_?56E,YGEE,4,0.9863013698630136,511,ALQKHSVAIYATGGRLLFERYPETRSLFELPEREIHKEASALLAYARS,
DI03,Plate03,E05,?28M_?31T_?52Q_?56F,MTQF,4,0.9644549763033176,422,ALQKHSVAIMATTGRLLFERYPETRSLFELPERQIHKFASALLAYARS,
DI03,Plate03,E06,?28G_?31Y_?52H_?56A,GYHA,4,0.9819494584837545,554,ALQKHSVAIGATYGRLLFERYPETRSLFELPERHIHKAASALLAYARS,
DI03,Plate03,E07,?28S_?31W_?52L_?56H,SWLH,4,0.531578947368421,380,ALQKHSVAISATWGRLLFERYPETRSLFELPERLIHKHASALLAYARS,
DI03,Plate03,E08,#DEAD#,#DEAD#,0,0.0,0,#DEAD#,Too few usable reads
DI03,Plate03,E09,?28Y_?31M_?52E_?56P,YMEP,4,0.9813432835820896,536,ALQKHSVAIYATMGRLLFERYPETRSLFELPEREIHKPASALLAYARS,
DI03,Plate03,E10,?28T_?31I_?52L_?56L,TILL,4,0.9879518072289156,581,ALQKHSVAITATIGRLLFERYPETRSLFELPERLIHKLASALLAYARS,
DI03,Plate03,E11,?28H_?31W_?52T_?56F,HWTF,4,0.9691943127962085,422,ALQKHSVAIHATWGRLLFERYPETRSLFELPERTIHKFASALLAYARS,
DI03,Plate03,E12,?28R_?31L_?52L_?56Y,RLLY,4,0.9959016393442623,244,ALQKHSVAIRATLGRLLFERYPETRSLFELPERLIHKYASALLAYARS,
DI03,Plate03,F01,?28D_?31Q_?52L_?56L,DQLL,4,0.966789667896679,813,ALQKHSVAIDATQGRLLFERYPETRSLFELPERLIHKLASALLAYARS,
DI03,Plate03,F02,#DEAD#,#DEAD#,0,0.0,0,#DEAD#,Too few usable reads
DI03,Plate03,F03,#DEAD#,#DEAD#,0,0.0,0,#DEAD#,Too few usable reads
DI03,Plate03,F04,?28A_?31F_?52M_?56I,AFMI,4,0.9876712328767123,730,ALQKHSVAIAATFGRLLFERYPETRSLFELPERMIHKIASALLAYARS,
DI03,Plate03,F05,?28W_?31T_?52M_?56Y,WTMY,4,0.9822485207100592,676,ALQKHSVAIWATTGRLLFERYPETRSLFELPERMIHKYASALLAYARS,
DI03,Plate03,F06,?28W_?31R_?52H_?56A,WRHA,4,0.9816053511705686,598,ALQKHSVAIWATRGRLLFERYPETRSLFELPERHIHKAASALLAYARS,
DI03,Plate03,F07,?28S_?31M_?52Q_?56L,SMQL,4,0.9758364312267658,538,ALQKHSVAISATMGRLLFERYPETRSLFELPERQIHKLASALLAYARS,
DI03,Plate03,F08,?28W_?31P_?52P_?56D,WPPD,4,0.9790940766550522,287,ALQKHSVAIWATPGRLLFERYPETRSLFELPERPIHKDASALLAYARS,
DI03,Plate03,F09,?28T_?31V_?52C_?56E,TVCE,4,0.9861111111111112,504,ALQKHSVAITATVGRLLFERYPETRSLFELPERCIHKEASALLAYARS,
DI03,Plate03,F10,?28E_?31Q_?52N_?56I,EQNI,4,0.9825783972125436,574,ALQKHSVAIEATQGRLLFERYPETRSLFELPERNIHKIASALLAYARS,
DI03,Plate03,F11,?28E_?31L_?52F_?56R,ELFR,4,0.9713261648745519,279,ALQKHSVAIEATLGRLLFERYPETRSLFELPERFIHKRASALLAYARS,
DI03,Plate03,F12,?28V_?31V_?52I_?56H,VVIH,4,0.9930394431554525,431,ALQKHSVAIVATVGRLLFERYPETRSLFELPERIIHKHASALLAYARS,
DI03,Plate03,G01,?28G_?31G_?52L_?56F,GGLF,4,0.9773462783171522,927,ALQKHSVAIGATGGRLLFERYPETRSLFELPERLIHKFASALLAYARS,
DI03,Plate03,G02,?28S_?31R_?52W_?56L,SRWL,4,0.976897689768977,606,ALQKHSVAISATRGRLLFERYPETRSLFELPERWIHKLASALLAYARS,
DI03,Plate03,G03,?28N_?31P_?52V_?56R,NPVR,4,0.9868035190615836,682,ALQKHSVAINATPGRLLFERYPETRSLFELPERVIHKRASALLAYARS,
DI03,Plate03,G04,?28V_?31A_?52A_?56S,VAAS,4,0.5822368421052632,608,ALQKHSVAIVATAGRLLFERYPETRSLFELPERAIHKSASALLAYARS,
DI03,Plate03,G05,?28F_?31Y_?52L_?56A,FYLA,4,0.9793650793650793,630,ALQKHSVAIFATYGRLLFERYPETRSLFELPERLIHKAASALLAYARS,
DI03,Plate03,G06,?28L_?31P_?52Y_?56Q,LPYQ,4,0.6019261637239165,623,ALQKHSVAILATPGRLLFERYPETRSLFELPERYIHKQASALLAYARS,
DI03,Plate03,G07,?28L_?31L_?52L_?56V,LLLV,4,0.9581005586592178,358,ALQKHSVAILATLGRLLFERYPETRSLFELPERLIHKVASALLAYARS,
DI03,Plate03,G08,?28T_?31L_?52M_?56V,TLMV,4,0.984313725490196,510,ALQKHSVAITATLGRLLFERYPETRSLFELPERMIHKVASALLAYARS,
DI03,Plate03,G09,?28R_?31G_?52M_?56M,RGMM,4,0.9784172661870504,556,ALQKHSVAIRATGGRLLFERYPETRSLFELPERMIHKMASALLAYARS,
DI03,Plate03,G10,?28S_?31K_?52N_?56F,SKNF,4,0.9566003616636528,553,ALQKHSVAISATKGRLLFERYPETRSLFELPERNIHKFASALLAYARS,
DI03,Plate03,G11,?28V_?31C_?52W_?56S,VCWS,4,0.9865196078431373,816,ALQKHSVAIVATCGRLLFERYPETRSLFELPERWIHKSASALLAYARS,
DI03,Plate03,G12,?28F_?31F_?52Y_?56P,FFYP,4,0.9815303430079155,758,ALQKHSVAIFATFGRLLFERYPETRSLFELPERYIHKPASALLAYARS,
DI03,Plate03,H01,?28F_?31E_?52N_?56D,FEND,4,0.9824304538799414,683,ALQKHSVAIFATEGRLLFERYPETRSLFELPERNIHKDASALLAYARS,
DI03,Plate03,H02,?28G_?31M_?52F_?56E,GMFE,4,0.9842271293375394,634,ALQKHSVAIGATMGRLLFERYPETRSLFELPERFIHKEASALLAYARS,
DI03,Plate03,H03,?28V_?31I_?52Y_?56V,VIYV,4,0.9842931937172775,764,ALQKHSVAIVATIGRLLFERYPETRSLFELPERYIHKVASALLAYARS,
DI03,Plate03,H04,?28V_?31N_?52F_?56L,VNFL,4,0.9458483754512635,277,ALQKHSVAIVATNGRLLFERYPETRSLFELPERFIHKLASALLAYARS,
DI03,Plate03,H05,?28S_?31M_?52Q_?56L,SMQL,4,0.9664082687338501,387,ALQKHSVAISATMGRLLFERYPETRSLFELPERQIHKLASALLAYARS,
DI03,Plate03,H06,?28F_?31D_?52Y_?56I,FDYI,4,0.9750733137829912,682,ALQKHSVAIFATDGRLLFERYPETRSLFELPERYIHKIASALLAYARS,
DI03,Plate03,H07,?28V_?31A_?52W_?56T,VAWT,4,0.969626168224299,428,ALQKHSVAIVATAGRLLFERYPETRSLFELPERWIHKTASALLAYARS,
DI03,Plate03,H08,?28L_?31V_?52V_?56C,LVVC,4,0.982373678025852,851,ALQKHSVAILATVGRLLFERYPETRSLFELPERVIHKCASALLAYARS,
DI03,Plate03,H09,?28F_?31Q_?52H_?56Y,FQHY,4,0.9757489300998573,701,ALQKHSVAIFATQGRLLFERYPETRSLFELPERHIHKYASALLAYARS,
DI03,Plate03,H10,?28T_?31C_?52A_?56K,TCAK,4,0.9700272479564033,734,ALQKHSVAITATCGRLLFERYPETRSLFELPERAIHKKASALLAYARS,
DI03,Plate03,H11,?28C_?31P_?52P_?56T,CPPT,4,0.986013986013986,715,ALQKHSVAICATPGRLLFERYPETRSLFELPERPIHKTASALLAYARS,
DI03,Plate03,H12,?28L_?31Y_?52Q_?56L,LYQL,4,0.9830316742081447,884,ALQKHSVAILATYGRLLFERYPETRSLFELPERQIHKLASALLAYARS,
DI04,Plate04,A01,?28V_?31R_?52M_?56W,VRMW,4,0.9949685534591195,795,ALQKHSVAIVATRGRLLFERYPETRSLFELPERMIHKWASALLAYARS,
DI04,Plate04,A02,?28H_?31H_?52L_?56P,HHLP,4,0.9888682745825603,1078,ALQKHSVAIHATHGRLLFERYPETRSLFELPERLIHKPASALLAYARS,
DI04,Plate04,A03,?28P_?31V_?52M_?56M,PVMM,4,0.9858870967741935,992,ALQKHSVAIPATVGRLLFERYPETRSLFELPERMIHKMASALLAYARS,
DI04,Plate04,A04,?28T_?31M_?52Q_?56L,TMQL,4,0.761994355597366,1063,ALQKHSVAITATMGRLLFERYPETRSLFELPERQIHKLASALLAYARS,
DI04,Plate04,A05,?28K_?31Y_?52V_?56I,KYVI,4,0.9929506545820745,993,ALQKHSVAIKATYGRLLFERYPETRSLFELPERVIHKIASALLAYARS,
DI04,Plate04,A06,?28Q_?31Q_?52I_?56C,QQIC,4,0.9878048780487805,1148,ALQKHSVAIQATQGRLLFERYPETRSLFELPERIIHKCASALLAYARS,
DI04,Plate04,A07,?28W_?31Q_?52G_?56R,WQGR,4,0.9920844327176781,1137,ALQKHSVAIWATQGRLLFERYPETRSLFELPERGIHKRASALLAYARS,
DI04,Plate04,A08,?28W_?31Q_?52G_?56R,WQGR,4,0.993993993993994,999,ALQKHSVAIWATQGRLLFERYPETRSLFELPERGIHKRASALLAYARS,
DI04,Plate04,A09,?28C_?31M_?52N_?56E,CMNE,4,0.9837209302325581,430,ALQKHSVAICATMGRLLFERYPETRSLFELPERNIHKEASALLAYARS,
DI04,Plate04,A10,?28L_?31W_?52D_?56L,LWDL,4,0.9844827586206897,1160,ALQKHSVAILATWGRLLFERYPETRSLFELPERDIHKLASALLAYARS,
DI04,Plate04,A11,?28G_?31Q_?52I_?56I,GQII,4,0.9933969185619956,1363,ALQKHSVAIGATQGRLLFERYPETRSLFELPERIIHKIASALLAYARS,
DI04,Plate04,A12,?28Q_?31P_?52R_?56Y,QPRY,4,0.9835423197492164,1276,ALQKHSVAIQATPGRLLFERYPETRSLFELPERRIHKYASALLAYARS,
DI04,Plate04,B01,?28W_?31T_?52S_?56I,WTSI,4,0.9663677130044843,446,ALQKHSVAIWATTGRLLFERYPETRSLFELPERSIHKIASALLAYARS,
DI04,Plate04,B02,?28G_?31S_?52M_?56G,GSMG,4,0.9827027027027027,925,ALQKHSVAIGATSGRLLFERYPETRSLFELPERMIHKGASALLAYARS,
DI04,Plate04,B03,?28F_?31D_?52Q_?56R,FDQR,4,0.9705882352941176,340,ALQKHSVAIFATDGRLLFERYPETRSLFELPERQIHKRASALLAYARS,
DI04,Plate04,B04,#DEAD#,#DEAD#,0,0.0,5,#DEAD#,Too few paired reads
DI04,Plate04,B05,?28R_?31L_?52N_?56L,RLNL,4,0.9886792452830189,530,ALQKHSVAIRATLGRLLFERYPETRSLFELPERNIHKLASALLAYARS,
DI04,Plate04,B06,?28G_?31V_?52P_?56R,GVPR,4,0.9879518072289156,332,ALQKHSVAIGATVGRLLFERYPETRSLFELPERPIHKRASALLAYARS,
DI04,Plate04,B07,?28Q_?31Q_?52I_?56M,QQIM,4,0.35,20,ALQKHSVAIQATQGRLLFERYPETRSLFELPERIIHKMASALLAYARS,
DI04,Plate04,B08,?28S_?31M_?52Q_?56L,SMQL,4,0.9926672777268561,1091,ALQKHSVAISATMGRLLFERYPETRSLFELPERQIHKLASALLAYARS,
DI04,Plate04,B09,?28V_?31V_?52R_?56F,VVRF,4,0.9844617092119867,901,ALQKHSVAIVATVGRLLFERYPETRSLFELPERRIHKFASALLAYARS,
DI04,Plate04,B10,?28Q_?31M_?52L_?56Y,QMLY,4,0.990645463049579,1069,ALQKHSVAIQATMGRLLFERYPETRSLFELPERLIHKYASALLAYARS,
DI04,Plate04,B11,?28V_?31K_?52L_?56F,VKLF,4,0.9942857142857143,875,ALQKHSVAIVATKGRLLFERYPETRSLFELPERLIHKFASALLAYARS,
DI04,Plate04,B12,?28L_?31V_?52Y_?56M,LVYM,4,0.9659442724458205,323,ALQKHSVAILATVGRLLFERYPETRSLFELPERYIHKMASALLAYARS,
DI04,Plate04,C01,?28Y_?31W_?52N_?56V,YWNV,4,0.9842323651452282,1205,ALQKHSVAIYATWGRLLFERYPETRSLFELPERNIHKVASALLAYARS,
DI04,Plate04,C02,?28E_?31M_?52I_?56W,EMIW,4,0.4986301369863014,730,ALQKHSVAIEATMGRLLFERYPETRSLFELPERIIHKWASALLAYARS,
DI04,Plate04,C03,?28Y_?31Y_?52D_?56N,YYDN,4,0.9879101899827288,1158,ALQKHSVAIYATYGRLLFERYPETRSLFELPERDIHKNASALLAYARS,
DI04,Plate04,C04,?28A_?31Q_?52I_?56A,AQIA,4,0.9814814814814815,216,ALQKHSVAIAATQGRLLFERYPETRSLFELPERIIHKAASALLAYARS,
DI04,Plate04,C05,?28E_?31Q_?52I_?56A,EQIA,4,0.9857651245551602,843,ALQKHSVAIEATQGRLLFERYPETRSLFELPERIIHKAASALLAYARS,
DI04,Plate04,C06,?28L_?31N_?52H_?56M,LNHM,4,0.9897959183673469,882,ALQKHSVAILATNGRLLFERYPETRSLFELPERHIHKMASALLAYARS,
DI04,Plate04,C07,?28V_?31P_?52P_?56D,VPPD,4,0.991715976331361,845,ALQKHSVAIVATPGRLLFERYPETRSLFELPERPIHKDASALLAYARS,
DI04,Plate04,C08,?28L_?31W_?52N_?56Y,LWNY,4,0.9842995169082126,828,ALQKHSVAILATWGRLLFERYPETRSLFELPERNIHKYASALLAYARS,
DI04,Plate04,C09,?28H_?31K_?52E_?56Q,HKEQ,4,0.6804511278195489,798,ALQKHSVAIHATKGRLLFERYPETRSLFELPEREIHKQASALLAYARS,
DI04,Plate04,C10,?28P_?31G_?52D_?56Y,PGDY,4,0.9838129496402878,1112,ALQKHSVAIPATGGRLLFERYPETRSLFELPERDIHKYASALLAYARS,
DI04,Plate04,C11,?28T_?31F_?52Y_?56T,TFYT,4,0.9864029666254636,809,ALQKHSVAITATFGRLLFERYPETRSLFELPERYIHKTASALLAYARS,
DI04,Plate04,C12,?28K_?31C_?52W_?56V,KCWV,4,0.9794050343249427,437,ALQKHSVAIKATCGRLLFERYPETRSLFELPERWIHKVASALLAYARS,
DI04,Plate04,D01,?28C_?31L_?52L_?56G,CLLG,4,0.9821930646672915,1067,ALQKHSVAICATLGRLLFERYPETRSLFELPERLIHKGASALLAYARS,
DI04,Plate04,D02,?28I_?31H_?52N_?56I,IHNI,4,0.9877425944841676,979,ALQKHSVAIIATHGRLLFERYPETRSLFELPERNIHKIASALLAYARS,
DI04,Plate04,D03,?28V_?31S_?52L_?56H,VSLH,4,0.9852034525277436,811,ALQKHSVAIVATSGRLLFERYPETRSLFELPERLIHKHASALLAYARS,
DI04,Plate04,D04,?28A_?31Q_?52P_?56S,AQPS,4,0.9871504157218443,1323,ALQKHSVAIAATQGRLLFERYPETRSLFELPERPIHKSASALLAYARS,
DI04,Plate04,D05,?28T_?31L_?52L_?56R,TLLR,4,0.988,750,ALQKHSVAITATLGRLLFERYPETRSLFELPERLIHKRASALLAYARS,
DI04,Plate04,D06,?28W_?31F_?52R_?56A,WFRA,4,0.9769150052465897,953,ALQKHSVAIWATFGRLLFERYPETRSLFELPERRIHKAASALLAYARS,
DI04,Plate04,D07,?28L_?31E_?52R_?56N,LERN,4,0.9764150943396226,848,ALQKHSVAILATEGRLLFERYPETRSLFELPERRIHKNASALLAYARS,
DI04,Plate04,D08,#DEAD#,#DEAD#,0,0.0,0,#DEAD#,Too few usable reads
DI04,Plate04,D09,?28A_?31D_?52T_?56K,ADTK,4,0.9942528735632183,348,ALQKHSVAIAATDGRLLFERYPETRSLFELPERTIHKKASALLAYARS,
DI04,Plate04,D10,?28S_?31M_?52Q_?56L,SMQL,4,0.991304347826087,575,ALQKHSVAISATMGRLLFERYPETRSLFELPERQIHKLASALLAYARS,
DI04,Plate04,D11,?28V_?31M_?52I_?56N,VMIN,4,0.9709962168978562,793,ALQKHSVAIVATMGRLLFERYPETRSLFELPERIIHKNASALLAYARS,
DI04,Plate04,D12,?28H_?31K_?52E_?56Q,HKEQ,4,0.9793478260869565,920,ALQKHSVAIHATKGRLLFERYPETRSLFELPEREIHKQASALLAYARS,
DI04,Plate04,E01,?28E_?31V_?52L_?56D,EVLD,4,0.5992402659069326,1053,ALQKHSVAIEATVGRLLFERYPETRSLFELPERLIHKDASALLAYARS,
DI04,Plate04,E02,?28S_?31D_?52F_?56F,SDFF,4,0.9944903581267218,363,ALQKHSVAISATDGRLLFERYPETRSLFELPERFIHKFASALLAYARS,
DI04,Plate04,E03,?28P_?31D_?52D_?56Y,PDDY,4,0.9794050343249427,437,ALQKHSVAIPATDGRLLFERYPETRSLFELPERDIHKYASALLAYARS,
DI04,Plate04,E04,?28M_?31L_?52N_?56M,MLNM,4,0.9696969696969697,231,ALQKHSVAIMATLGRLLFERYPETRSLFELPERNIHKMASALLAYARS,
DI04,Plate04,E05,?28L_?31E_?52F_?56E,LEFE,4,0.9854368932038835,412,ALQKHSVAILATEGRLLFERYPETRSLFELPERFIHKEASALLAYARS,
DI04,Plate04,E06,?28I_?31N_?52K_?56N,INKN,4,0.9827213822894169,926,ALQKHSVAIIATNGRLLFERYPETRSLFELPERKIHKNASALLAYARS,
DI04,Plate04,E07,?28V_?31W_?52W_?56H,VWWH,4,0.9900398406374502,1004,ALQKHSVAIVATWGRLLFERYPETRSLFELPERWIHKHASALLAYARS,
DI04,Plate04,E08,?28F_?31I_?52W_?56L,FIWL,4,0.9781209781209781,777,ALQKHSVAIFATIGRLLFERYPETRSLFELPERWIHKLASALLAYARS,
DI04,Plate04,E09,?28A_?31D_?52T_?56K,ADTK,4,0.799249530956848,533,ALQKHSVAIAATDGRLLFERYPETRSLFELPERTIHKKASALLAYARS,
DI04,Plate04,E10,?28K_?31F_?52I_?56Q,KFIQ,4,0.5604395604395604,91,ALQKHSVAIKATFGRLLFERYPETRSLFELPERIIHKQASALLAYARS,
DI04,Plate04,E11,?28K_?31W_?52H_?56Y,KWHY,4,0.9809322033898306,472,ALQKHSVAIKATWGRLLFERYPETRSLFELPERHIHKYASALLAYARS,
DI04,Plate04,E12,?28D_?31V_?52D_?56C,DVDC,4,0.9869431643625192,1302,ALQKHSVAIDATVGRLLFERYPETRSLFELPERDIHKCASALLAYARS,
DI04,Plate04,F01,?28L_?31V_?52Q_?56S,LVQS,4,0.9860703812316716,1364,ALQKHSVAILATVGRLLFERYPETRSLFELPERQIHKSASALLAYARS,
DI04,Plate04,F02,?28M_?31R_?52R_?56D,MRRD,4,0.991321118611379,1037,ALQKHSVAIMATRGRLLFERYPETRSLFELPERRIHKDASALLAYARS,
DI04,Plate04,F03,?28G_?31D_?52V_?56G,GDVG,4,0.954954954954955,111,ALQKHSVAIGATDGRLLFERYPETRSLFELPERVIHKGASALLAYARS,
DI04,Plate04,F04,#DEAD#,#DEAD#,0,0.0,0,#DEAD#,Too few usable reads
DI04,Plate04,F05,?28L_?31V_?52C_?56E,LVCE,4,0.9925124792013311,1202,ALQKHSVAILATVGRLLFERYPETRSLFELPERCIHKEASALLAYARS,
DI04,Plate04,F06,?28L_?31R_?52V_?56V,LRVV,4,0.9866412213740458,524,ALQKHSVAILATRGRLLFERYPETRSLFELPERVIHKVASALLAYARS,
DI04,Plate04,F07,?28W_?31V_?52V_?56M,WVVM,4,0.9864978902953586,1185,ALQKHSVAIWATVGRLLFERYPETRSLFELPERVIHKMASALLAYARS,
DI04,Plate04,F08,?28S_?31M_?52Q_?56L,SMQL,4,0.9922854387656702,1037,ALQKHSVAISATMGRLLFERYPETRSLFELPERQIHKLASALLAYARS,
DI04,Plate04,F09,?28L_?31A_?52F_?56L,LAFL,4,0.9848308051341891,857,ALQKHSVAILATAGRLLFERYPETRSLFELPERFIHKLASALLAYARS,
DI04,Plate04,F10,?28R_?31A_?52K_?56W,RAKW,4,0.9779874213836478,636,ALQKHSVAIRATAGRLLFERYPETRSLFELPERKIHKWASALLAYARS,
DI04,Plate04,F11,?28L_?31V_?52G_?56V,LVGV,4,0.9840182648401826,876,ALQKHSVAILATVGRLLFERYPETRSLFELPERGIHKVASALLAYARS,
DI04,Plate04,F12,#DEAD#,#DEAD#,0,0.0,0,#DEAD#,Too few usable reads
DI04,Plate04,G01,?28Y_?31C_?52C_?56P,YCCP,4,0.9864306784660767,1695,ALQKHSVAIYATCGRLLFERYPETRSLFELPERCIHKPASALLAYARS,
DI04,Plate04,G02,?28L_?31H_?52C_?56S,LHCS,4,0.9858856739590685,1417,ALQKHSVAILATHGRLLFERYPETRSLFELPERCIHKSASALLAYARS,
DI04,Plate04,G03,?28K_?31G_?52H_?56I,KGHI,4,0.9776536312849162,358,ALQKHSVAIKATGGRLLFERYPETRSLFELPERHIHKIASALLAYARS,
DI04,Plate04,G04,?28N_?31Y_?52M_?56I,NYMI,4,0.9933774834437086,1208,ALQKHSVAINATYGRLLFERYPETRSLFELPERMIHKIASALLAYARS,
DI04,Plate04,G05,?28P_?31T_?52H_?56K,PTHK,4,0.9759926131117267,1083,ALQKHSVAIPATTGRLLFERYPETRSLFELPERHIHKKASALLAYARS,
DI04,Plate04,G06,?28A_?31P_?52N_?56E,APNE,4,0.986,1000,ALQKHSVAIAATPGRLLFERYPETRSLFELPERNIHKEASALLAYARS,
DI04,Plate04,G07,?28A_?31D_?52T_?56K,ADTK,4,0.25048732943469787,1026,ALQKHSVAIAATDGRLLFERYPETRSLFELPERTIHKKASALLAYARS,
DI04,Plate04,G08,?28L_?31V_R38W_?52Q_?56L,LVWQL,5,0.9887005649717514,885,ALQKHSVAILATVGRLLFEWYPETRSLFELPERQIHKLASALLAYARS,
DI04,Plate04,G09,?28L_?31N_?52F_?56L,LNFL,4,0.9868421052631579,684,ALQKHSVAILATNGRLLFERYPETRSLFELPERFIHKLASALLAYARS,
DI04,Plate04,G10,?28V_?31A_?52T_?56L,VATL,4,0.9845313921747043,1099,ALQKHSVAIVATAGRLLFERYPETRSLFELPERTIHKLASALLAYARS,
DI04,Plate04,G11,?28Q_?31G_?52V_?56V,QGVV,4,0.9882604055496265,937,ALQKHSVAIQATGGRLLFERYPETRSLFELPERVIHKVASALLAYARS,
DI04,Plate04,G12,?28C_?31N_?52I_?56T,CNIT,4,0.9872832369942196,865,ALQKHSVAICATNGRLLFERYPETRSLFELPERIIHKTASALLAYARS,
DI04,Plate04,H01,?28I_?31K_?52Y_?56G,IKYG,4,0.9807090719499478,1918,ALQKHSVAIIATKGRLLFERYPETRSLFELPERYIHKGASALLAYARS,
DI04,Plate04,H02,?28L_?31Y_?52R_?56K,LYRK,4,0.9893858984078847,1319,ALQKHSVAILATYGRLLFERYPETRSLFELPERRIHKKASALLAYARS,
DI04,Plate04,H03,?28L_?31I_?52D_?56W,LIDW,4,0.9667221297836939,601,ALQKHSVAILATIGRLLFERYPETRSLFELPERDIHKWASALLAYARS,
DI04,Plate04,H04,?28A_?31I_?52I_?56T,AIIT,4,0.9835526315789473,304,ALQKHSVAIAATIGRLLFERYPETRSLFELPERIIHKTASALLAYARS,
DI04,Plate04,H05,?28M_?31A_?52Q_?56L,MAQL,4,0.9869174161896974,1223,ALQKHSVAIMATAGRLLFERYPETRSLFELPERQIHKLASALLAYARS,
DI04,Plate04,H06,?28S_?31M_?52Q_?56L,SMQL,4,0.9833860759493671,1264,ALQKHSVAISATMGRLLFERYPETRSLFELPERQIHKLASALLAYARS,
DI04,Plate04,H07,?28V_?31M_?52P_?56C,VMPC,4,0.9882271468144044,1444,ALQKHSVAIVATMGRLLFERYPETRSLFELPERPIHKCASALLAYARS,
DI04,Plate04,H08,#DEAD#,#DEAD#,0,0.0,0,#DEAD#,Too few usable reads
DI04,Plate04,H09,?28I_?31C_?52H_?56D,ICHD,4,0.9880715705765407,1006,ALQKHSVAIIATCGRLLFERYPETRSLFELPERHIHKDASALLAYARS,
DI04,Plate04,H10,?28W_?31P_?52P_?56W,WPPW,4,0.9886925795053003,1415,ALQKHSVAIWATPGRLLFERYPETRSLFELPERPIHKWASALLAYARS,
DI04,Plate04,H11,?28T_?31V_?52V_?56D,TVVD,4,0.9859375,1280,ALQKHSVAITATVGRLLFERYPETRSLFELPERVIHKDASALLAYARS,
DI04,Plate04,H12,?28V_?31M_?52M_?56R,VMMR,4,0.9375,144,ALQKHSVAIVATMGRLLFERYPETRSLFELPERMIHKRASALLAYARS,
DI05,Plate05,A01,?28L_?31T_?52N_?56Y,LTNY,4,0.9808454425363277,1514,ALQKHSVAILATTGRLLFERYPETRSLFELPERNIHKYASALLAYARS,
DI05,Plate05,A02,?28V_?31D_?52G_?56L,VDGL,4,0.9758551307847082,994,ALQKHSVAIVATDGRLLFERYPETRSLFELPERGIHKLASALLAYARS,
DI05,Plate05,A03,?28M_?31H_?52N_?56M,MHNM,4,0.9786839666357738,1079,ALQKHSVAIMATHGRLLFERYPETRSLFELPERNIHKMASALLAYARS,
DI05,Plate05,A04,?28S_?31A_?52S_?56N,SASN,4,0.9881170018281535,1094,ALQKHSVAISATAGRLLFERYPETRSLFELPERSIHKNASALLAYARS,
DI05,Plate05,A05,?28V_?31L_?52M_?56N,VLMN,4,0.9833625218914186,1142,ALQKHSVAIVATLGRLLFERYPETRSLFELPERMIHKNASALLAYARS,
DI05,Plate05,A06,?28L_?31Y_?52H_?56F,LYHF,4,0.9822274881516587,844,ALQKHSVAILATYGRLLFERYPETRSLFELPERHIHKFASALLAYARS,
DI05,Plate05,A07,?28I_?31S_?52L_?56N,ISLN,4,0.9893924783027965,1037,ALQKHSVAIIATSGRLLFERYPETRSLFELPERLIHKNASALLAYARS,
DI05,Plate05,A08,#DEAD#,#DEAD#,0,0.0,0,#DEAD#,Too few usable reads
DI05,Plate05,A09,?28I_?31P_?52K_?56C,IPKC,4,0.9724517906336089,363,ALQKHSVAIIATPGRLLFERYPETRSLFELPERKIHKCASALLAYARS,
DI05,Plate05,A10,?28V_?31S_?52G_?56N,VSGN,4,0.975,240,ALQKHSVAIVATSGRLLFERYPETRSLFELPERGIHKNASALLAYARS,
DI05,Plate05,A11,#DEAD#,#DEAD#,0,0.0,0,#DEAD#,Too few usable reads
DI05,Plate05,A12,?28Q_?31R_?52T_?56L,QRTL,4,0.819672131147541,183,ALQKHSVAIQATRGRLLFERYPETRSLFELPERTIHKLASALLAYARS,
DI05,Plate05,B01,?28H_?31D_?52L_?56N,HDLN,4,0.9819694868238558,721,ALQKHSVAIHATDGRLLFERYPETRSLFELPERLIHKNASALLAYARS,
DI05,Plate05,B02,?28I_?31W_?52A_?56I,IWAI,4,0.9806094182825484,361,ALQKHSVAIIATWGRLLFERYPETRSLFELPERAIHKIASALLAYARS,
DI05,Plate05,B03,?28T_?31A_?52S_?56T,TAST,4,0.9817708333333334,384,ALQKHSVAITATAGRLLFERYPETRSLFELPERSIHKTASALLAYARS,
DI05,Plate05,B04,?28R_?31D_?52Q_?56W,RDQW,4,0.9731663685152058,559,ALQKHSVAIRATDGRLLFERYPETRSLFELPERQIHKWASALLAYARS,
DI05,Plate05,B05,#DEAD#,#DEAD#,0,0.0,0,#DEAD#,Too few usable reads
DI05,Plate05,B06,?28F_?31W_?52I_?56W,FWIW,4,0.9438596491228071,285,ALQKHSVAIFATWGRLLFERYPETRSLFELPERIIHKWASALLAYARS,
DI05,Plate05,B07,?28K_?31M_?52K_?56L,KMKL,4,0.9774305555555556,576,ALQKHSVAIKATMGRLLFERYPETRSLFELPERKIHKLASALLAYARS,
DI05,Plate05,B08,?28H_?31W_?52M_?56A,HWMA,4,0.9703947368421053,304,ALQKHSVAIHATWGRLLFERYPETRSLFELPERMIHKAASALLAYARS,
DI05,Plate05,B09,?28S_?31M_?52Q_?56L,SMQL,4,0.9832214765100671,596,ALQKHSVAISATMGRLLFERYPETRSLFELPERQIHKLASALLAYARS,
DI05,Plate05,B10,?28D_?31K_?52D_?56M,DKDM,4,0.979381443298969,388,ALQKHSVAIDATKGRLLFERYPETRSLFELPERDIHKMASALLAYARS,
DI05,Plate05,B11,?28V_?31K_?52L_?56F,VKLF,4,0.25,12,ALQKHSVAIVATKGRLLFERYPETRSLFELPERLIHKFASALLAYARS,
DI05,Plate05,B12,?28E_?31N_?52L_?56I,ENLI,4,0.9876777251184834,1055,ALQKHSVAIEATNGRLLFERYPETRSLFELPERLIHKIASALLAYARS,
DI05,Plate05,C01,?28N_?31C_?52W_?56E,NCWE,4,0.9624664879356568,373,ALQKHSVAINATCGRLLFERYPETRSLFELPERWIHKEASALLAYARS,
DI05,Plate05,C02,?28M_?31V_?52S_?56H,MVSH,4,0.9854721549636803,413,ALQKHSVAIMATVGRLLFERYPETRSLFELPERSIHKHASALLAYARS,
DI05,Plate05,C03,?28V_?31S_?52W_?56M,VSWM,4,0.9878048780487805,410,ALQKHSVAIVATSGRLLFERYPETRSLFELPERWIHKMASALLAYARS,
DI05,Plate05,C04,#DEAD#,#DEAD#,0,0.0,3,#DEAD#,Too few paired reads
DI05,Plate05,C05,?28A_?31A_?52I_?56L,AAIL,4,0.96,175,ALQKHSVAIAATAGRLLFERYPETRSLFELPERIIHKLASALLAYARS,
DI05,Plate05,C06,#DEAD#,#DEAD#,0,0.0,0,#DEAD#,Too few usable reads
DI05,Plate05,C07,#DEAD#,#DEAD#,0,0.0,9,#DEAD#,Too few paired reads pass QC
DI05,Plate05,C08,?28P_?31D_?52C_?56K,PDCK,4,0.9681528662420382,157,ALQKHSVAIPATDGRLLFERYPETRSLFELPERCIHKKASALLAYARS,
DI05,Plate05,C09,?28F_?31A_?52R_?56N,FARN,4,0.9618055555555556,288,ALQKHSVAIFATAGRLLFERYPETRSLFELPERRIHKNASALLAYARS,
DI05,Plate05,C10,?28M_?31M_?52L_?56Y,MMLY,4,0.14285714285714285,14,ALQKHSVAIMATMGRLLFERYPETRSLFELPERLIHKYASALLAYARS,
DI05,Plate05,C11,?28R_?31E_?52L_?56R,RELR,4,0.9831460674157303,356,ALQKHSVAIRATEGRLLFERYPETRSLFELPERLIHKRASALLAYARS,
DI05,Plate05,C12,?28Y_?31Y_?52S_?56N,YYSN,4,0.9695740365111561,493,ALQKHSVAIYATYGRLLFERYPETRSLFELPERSIHKNASALLAYARS,
DI05,Plate05,D01,?28Q_?31V_?52M_?56F,QVMF,4,0.9806338028169014,568,ALQKHSVAIQATVGRLLFERYPETRSLFELPERMIHKFASALLAYARS,
DI05,Plate05,D02,#DEAD#,#DEAD#,0,0.0,0,#DEAD#,Too few usable reads
DI05,Plate05,D03,?28G_?31L_?52H_?56K,GLHK,4,0.9658119658119658,234,ALQKHSVAIGATLGRLLFERYPETRSLFELPERHIHKKASALLAYARS,
DI05,Plate05,D04,?28D_?31D_?52T_?56V,DDTV,4,0.9848024316109423,329,ALQKHSVAIDATDGRLLFERYPETRSLFELPERTIHKVASALLAYARS,
DI05,Plate05,D05,?28H_?31C_?52N_?56Y,HCNY,4,0.9566666666666667,300,ALQKHSVAIHATCGRLLFERYPETRSLFELPERNIHKYASALLAYARS,
DI05,Plate05,D06,?28Q_?31L_?52W_?56S,QLWS,4,0.9908675799086758,657,ALQKHSVAIQATLGRLLFERYPETRSLFELPERWIHKSASALLAYARS,
DI05,Plate05,D07,?28L_?31N_?52D_?56L,LNDL,4,0.9757085020242915,247,ALQKHSVAILATNGRLLFERYPETRSLFELPERDIHKLASALLAYARS,
DI05,Plate05,D08,?28F_?31L_?52A_?56D,FLAD,4,0.9915730337078652,356,ALQKHSVAIFATLGRLLFERYPETRSLFELPERAIHKDASALLAYARS,
DI05,Plate05,D09,?28C_?31V_?52E_?56F,CVEF,4,0.9772727272727273,176,ALQKHSVAICATVGRLLFERYPETRSLFELPEREIHKFASALLAYARS,
DI05,Plate05,D10,?28T_?31L_?52A_?56W,TLAW,4,0.4090909090909091,22,ALQKHSVAITATLGRLLFERYPETRSLFELPERAIHKWASALLAYARS,
DI05,Plate05,D11,?28S_?31M_?52Q_?56L,SMQL,4,0.9877675840978594,327,ALQKHSVAISATMGRLLFERYPETRSLFELPERQIHKLASALLAYARS,
DI05,Plate05,D12,?28I_?31G_?52L_?56P,IGLP,4,0.9547169811320755,265,ALQKHSVAIIATGGRLLFERYPETRSLFELPERLIHKPASALLAYARS,
DI05,Plate05,E01,?28I_?31A_?52Q_?56T,IAQT,4,0.9846153846153847,715,ALQKHSVAIIATAGRLLFERYPETRSLFELPERQIHKTASALLAYARS,
DI05,Plate05,E02,?28F_?31T_?52D_?56S,FTDS,4,0.9866962305986696,451,ALQKHSVAIFATTGRLLFERYPETRSLFELPERDIHKSASALLAYARS,
DI05,Plate05,E03,?28L_?31V_?52S_?56D,LVSD,4,0.990625,320,ALQKHSVAILATVGRLLFERYPETRSLFELPERSIHKDASALLAYARS,
DI05,Plate05,E04,?28P_?31H_?52A_?56N,PHAN,4,0.9836867862969005,613,ALQKHSVAIPATHGRLLFERYPETRSLFELPERAIHKNASALLAYARS,
DI05,Plate05,E05,#DEAD#,#DEAD#,0,0.0,0,#DEAD#,Too few usable reads
DI05,Plate05,E06,?28M_?31E_?52Q_?56L,MEQL,4,0.9808695652173913,575,ALQKHSVAIMATEGRLLFERYPETRSLFELPERQIHKLASALLAYARS,
DI05,Plate05,E07,?28Y_?31I_?52L_?56Y,YILY,4,0.9811320754716981,530,ALQKHSVAIYATIGRLLFERYPETRSLFELPERLIHKYASALLAYARS,
DI05,Plate05,E08,?28W_?31N_?52R_?56I,WNRI,4,0.9845261121856866,517,ALQKHSVAIWATNGRLLFERYPETRSLFELPERRIHKIASALLAYARS,
DI05,Plate05,E09,?28C_?31V_?52A_?56C,CVAC,4,0.9692307692307692,260,ALQKHSVAICATVGRLLFERYPETRSLFELPERAIHKCASALLAYARS,
DI05,Plate05,E10,#DEAD#,#DEAD#,0,0.0,0,#DEAD#,Too few usable reads
DI05,Plate05,E11,?28Y_?31M_?52D_?56A,YMDA,4,0.971830985915493,142,ALQKHSVAIYATMGRLLFERYPETRSLFELPERDIHKAASALLAYARS,
DI05,Plate05,E12,?28N_?31M_?52Y_?56S,NMYS,4,0.9651567944250871,287,ALQKHSVAINATMGRLLFERYPETRSLFELPERYIHKSASALLAYARS,
DI05,Plate05,F01,?28F_?31F_?52R_?56F,FFRF,4,0.9696969696969697,330,ALQKHSVAIFATFGRLLFERYPETRSLFELPERRIHKFASALLAYARS,
DI05,Plate05,F02,?28V_?31E_?52S_?56V,VESV,4,0.9728260869565217,184,ALQKHSVAIVATEGRLLFERYPETRSLFELPERSIHKVASALLAYARS,
DI05,Plate05,F03,?28P_?31T_?52I_?56S,PTIS,4,0.9803921568627451,153,ALQKHSVAIPATTGRLLFERYPETRSLFELPERIIHKSASALLAYARS,
DI05,Plate05,F04,?28D_?31L_?52V_?56R,DLVR,4,0.9878542510121457,247,ALQKHSVAIDATLGRLLFERYPETRSLFELPERVIHKRASALLAYARS,
DI05,Plate05,F05,?28L_?31P_?52N_?56H,LPNH,4,0.9206349206349206,63,ALQKHSVAILATPGRLLFERYPETRSLFELPERNIHKHASALLAYARS,
DI05,Plate05,F06,?28G_?31Y_?52P_?56D,GYPD,4,0.9887429643527205,533,ALQKHSVAIGATYGRLLFERYPETRSLFELPERPIHKDASALLAYARS,
DI05,Plate05,F07,?28F_?31M_?52E_?56Q,FMEQ,4,0.9671361502347418,426,ALQKHSVAIFATMGRLLFERYPETRSLFELPEREIHKQASALLAYARS,
DI05,Plate05,F08,?28L_?31C_?52G_?56Q,LCGQ,4,0.8,20,ALQKHSVAILATCGRLLFERYPETRSLFELPERGIHKQASALLAYARS,
DI05,Plate05,F09,?28S_?31M_?52Q_?56L,SMQL,4,0.9478260869565217,115,ALQKHSVAISATMGRLLFERYPETRSLFELPERQIHKLASALLAYARS,
DI05,Plate05,F10,?28N_?31K_?52N_?56C,NKNC,4,0.9770114942528736,87,ALQKHSVAINATKGRLLFERYPETRSLFELPERNIHKCASALLAYARS,
DI05,Plate05,F11,?28L_?31N_?52D_?56D,LNDD,4,0.8991596638655462,119,ALQKHSVAILATNGRLLFERYPETRSLFELPERDIHKDASALLAYARS,
DI05,Plate05,F12,?28D_?31V_?52N_?56L,DVNL,4,0.9874213836477987,318,ALQKHSVAIDATVGRLLFERYPETRSLFELPERNIHKLASALLAYARS,
DI05,Plate05,G01,?28V_?31I_?52K_?56Y,VIKY,4,0.48,475,ALQKHSVAIVATIGRLLFERYPETRSLFELPERKIHKYASALLAYARS,
DI05,Plate05,G02,?28M_?31L_?52P_?56K,MLPK,4,0.9772727272727273,572,ALQKHSVAIMATLGRLLFERYPETRSLFELPERPIHKKASALLAYARS,
DI05,Plate05,G03,?28P_?31Q_?52S_?56F,PQSF,4,0.9779816513761468,545,ALQKHSVAIPATQGRLLFERYPETRSLFELPERSIHKFASALLAYARS,
DI05,Plate05,G04,?28E_?31A_?52S_?56N,EASN,4,0.9734513274336283,226,ALQKHSVAIEATAGRLLFERYPETRSLFELPERSIHKNASALLAYARS,
DI05,Plate05,G05,?28V_?31R_?52W_?56I,VRWI,4,0.9833729216152018,421,ALQKHSVAIVATRGRLLFERYPETRSLFELPERWIHKIASALLAYARS,
DI05,Plate05,G06,?28Y_?31K_?52Y_?56H,YKYH,4,0.96,250,ALQKHSVAIYATKGRLLFERYPETRSLFELPERYIHKHASALLAYARS,
DI05,Plate05,G07,?28L_?31M_?52G_?56M,LMGM,4,0.975,280,ALQKHSVAILATMGRLLFERYPETRSLFELPERGIHKMASALLAYARS,
DI05,Plate05,G08,#DEAD#,#DEAD#,0,0.0,0,#DEAD#,Too few usable reads
DI05,Plate05,G09,?28Y_?31A_?52W_?56C,YAWC,4,0.9649805447470817,257,ALQKHSVAIYATAGRLLFERYPETRSLFELPERWIHKCASALLAYARS,
DI05,Plate05,G10,?28I_?31D_?52T_?56N,IDTN,4,0.8848920863309353,278,ALQKHSVAIIATDGRLLFERYPETRSLFELPERTIHKNASALLAYARS,
DI05,Plate05,G11,#DEAD#,#DEAD#,0,0.0,0,#DEAD#,Too few usable reads
DI05,Plate05,G12,?28W_?31K_?52T_?56W,WKTW,4,1.0,52,ALQKHSVAIWATKGRLLFERYPETRSLFELPERTIHKWASALLAYARS,
DI05,Plate05,H01,?28G_?31M_?52L_?56D,GMLD,4,0.9779693486590039,1044,ALQKHSVAIGATMGRLLFERYPETRSLFELPERLIHKDASALLAYARS,
DI05,Plate05,H02,?28E_?31W_?52F_?56K,EWFK,4,0.9390862944162437,197,ALQKHSVAIEATWGRLLFERYPETRSLFELPERFIHKKASALLAYARS,
DI05,Plate05,H03,?28H_?31C_?52F_?56R,HCFR,4,0.9774647887323944,710,ALQKHSVAIHATCGRLLFERYPETRSLFELPERFIHKRASALLAYARS,
DI05,Plate05,H04,?28Y_?31F_?52W_?56W,YFWW,4,0.9907407407407407,216,ALQKHSVAIYATFGRLLFERYPETRSLFELPERWIHKWASALLAYARS,
DI05,Plate05,H05,?28A_?31S_?52Q_?56L,ASQL,4,0.9796215429403202,687,ALQKHSVAIAATSGRLLFERYPETRSLFELPERQIHKLASALLAYARS,
DI05,Plate05,H06,?28E_?31D_?52N_?56L,EDNL,4,0.9397590361445783,166,ALQKHSVAIEATDGRLLFERYPETRSLFELPERNIHKLASALLAYARS,
DI05,Plate05,H07,?28S_?31M_?52Q_?56L,SMQL,4,0.9736379613356766,569,ALQKHSVAISATMGRLLFERYPETRSLFELPERQIHKLASALLAYARS,
DI05,Plate05,H08,?28V_?31M_?52W_?56L,VMWL,4,0.990990990990991,666,ALQKHSVAIVATMGRLLFERYPETRSLFELPERWIHKLASALLAYARS,
DI05,Plate05,H09,?28H_?31E_?52T_?56L,HETL,4,0.9852941176470589,476,ALQKHSVAIHATEGRLLFERYPETRSLFELPERTIHKLASALLAYARS,
DI05,Plate05,H10,?28G_?31M_?52T_?56H,GMTH,4,0.9502923976608187,342,ALQKHSVAIGATMGRLLFERYPETRSLFELPERTIHKHASALLAYARS,
DI05,Plate05,H11,?28E_?31R_?52L_?56A,ERLA,4,0.986,500,ALQKHSVAIEATRGRLLFERYPETRSLFELPERLIHKAASALLAYARS,
DI05,Plate05,H12,?28C_?31Q_?52R_?56F,CQRF,4,0.9889135254988913,451,ALQKHSVAICATQGRLLFERYPETRSLFELPERRIHKFASALLAYARS,
